season,date,division,home_team,away_team,home_goals,away_goals,full_time_result,depor_venue,depor_goals_for,depor_goals_against,depor_result,source_url,half_time_home_goals,half_time_away_goals,half_time_result
1993-94,1993-09-05,SP1,La Coruna,Celta,0,0,D,H,0,0,D,https://www.football-data.co.uk/mmz4281/9394/SP1.csv,,,
1993-94,1993-09-12,SP1,Sp Gijon,La Coruna,0,2,A,A,2,0,W,https://www.football-data.co.uk/mmz4281/9394/SP1.csv,,,
1993-94,1993-09-19,SP1,La Coruna,Real Madrid,4,0,H,H,4,0,W,https://www.football-data.co.uk/mmz4281/9394/SP1.csv,,,
1993-94,1993-09-26,SP1,Sevilla,La Coruna,0,0,D,A,0,0,D,https://www.football-data.co.uk/mmz4281/9394/SP1.csv,,,
1993-94,1993-10-03,SP1,La Coruna,Sociedad,0,1,A,H,0,1,L,https://www.football-data.co.uk/mmz4281/9394/SP1.csv,,,
1993-94,1993-10-06,SP1,Albacete,La Coruna,0,0,D,A,0,0,D,https://www.football-data.co.uk/mmz4281/9394/SP1.csv,,,
1993-94,1993-10-17,SP1,La Coruna,Barcelona,1,0,H,H,1,0,W,https://www.football-data.co.uk/mmz4281/9394/SP1.csv,,,
1993-94,1993-10-24,SP1,Zaragoza,La Coruna,0,1,A,A,1,0,W,https://www.football-data.co.uk/mmz4281/9394/SP1.csv,,,
1993-94,1993-10-31,SP1,La Coruna,Osasuna,3,1,H,H,3,1,W,https://www.football-data.co.uk/mmz4281/9394/SP1.csv,,,
1993-94,1993-11-07,SP1,Valladolid,La Coruna,0,0,D,A,0,0,D,https://www.football-data.co.uk/mmz4281/9394/SP1.csv,,,
1993-94,1993-11-10,SP1,Ath Bilbao,La Coruna,3,1,H,A,1,3,L,https://www.football-data.co.uk/mmz4281/9394/SP1.csv,,,
1993-94,1993-11-21,SP1,La Coruna,Oviedo,4,0,H,H,4,0,W,https://www.football-data.co.uk/mmz4281/9394/SP1.csv,,,
1993-94,1993-11-28,SP1,Ath Madrid,La Coruna,0,1,A,A,1,0,W,https://www.football-data.co.uk/mmz4281/9394/SP1.csv,,,
1993-94,1993-12-05,SP1,La Coruna,Santander,1,0,H,H,1,0,W,https://www.football-data.co.uk/mmz4281/9394/SP1.csv,,,
1993-94,1993-12-12,SP1,Tenerife,La Coruna,0,1,A,A,1,0,W,https://www.football-data.co.uk/mmz4281/9394/SP1.csv,,,
1993-94,1993-12-19,SP1,La Coruna,Lerida,2,0,H,H,2,0,W,https://www.football-data.co.uk/mmz4281/9394/SP1.csv,,,
1993-94,1994-01-02,SP1,Vallecano,La Coruna,0,0,D,A,0,0,D,https://www.football-data.co.uk/mmz4281/9394/SP1.csv,,,
1993-94,1994-01-09,SP1,La Coruna,Logrones,3,0,H,H,3,0,W,https://www.football-data.co.uk/mmz4281/9394/SP1.csv,,,
1993-94,1994-01-16,SP1,Valencia,La Coruna,1,3,A,A,3,1,W,https://www.football-data.co.uk/mmz4281/9394/SP1.csv,,,
1993-94,1994-01-23,SP1,Celta,La Coruna,0,0,D,A,0,0,D,https://www.football-data.co.uk/mmz4281/9394/SP1.csv,,,
1993-94,1994-01-30,SP1,La Coruna,Sp Gijon,2,1,H,H,2,1,W,https://www.football-data.co.uk/mmz4281/9394/SP1.csv,,,
1993-94,1994-02-06,SP1,Real Madrid,La Coruna,2,0,H,A,0,2,L,https://www.football-data.co.uk/mmz4281/9394/SP1.csv,,,
1993-94,1994-02-13,SP1,La Coruna,Sevilla,2,0,H,H,2,0,W,https://www.football-data.co.uk/mmz4281/9394/SP1.csv,,,
1993-94,1994-02-20,SP1,Sociedad,La Coruna,0,1,A,A,1,0,W,https://www.football-data.co.uk/mmz4281/9394/SP1.csv,,,
1993-94,1994-02-23,SP1,La Coruna,Albacete,5,1,H,H,5,1,W,https://www.football-data.co.uk/mmz4281/9394/SP1.csv,,,
1993-94,1994-02-27,SP1,Barcelona,La Coruna,3,0,H,A,0,3,L,https://www.football-data.co.uk/mmz4281/9394/SP1.csv,,,
1993-94,1994-03-06,SP1,La Coruna,Zaragoza,1,1,D,H,1,1,D,https://www.football-data.co.uk/mmz4281/9394/SP1.csv,,,
1993-94,1994-03-13,SP1,Osasuna,La Coruna,0,0,D,A,0,0,D,https://www.football-data.co.uk/mmz4281/9394/SP1.csv,,,
1993-94,1994-03-20,SP1,La Coruna,Valladolid,0,0,D,H,0,0,D,https://www.football-data.co.uk/mmz4281/9394/SP1.csv,,,
1993-94,1994-03-27,SP1,La Coruna,Ath Bilbao,4,1,H,H,4,1,W,https://www.football-data.co.uk/mmz4281/9394/SP1.csv,,,
1993-94,1994-04-03,SP1,Oviedo,La Coruna,2,5,A,A,5,2,W,https://www.football-data.co.uk/mmz4281/9394/SP1.csv,,,
1993-94,1994-04-06,SP1,La Coruna,Ath Madrid,2,1,H,H,2,1,W,https://www.football-data.co.uk/mmz4281/9394/SP1.csv,,,
1993-94,1994-04-10,SP1,Santander,La Coruna,0,1,A,A,1,0,W,https://www.football-data.co.uk/mmz4281/9394/SP1.csv,,,
1993-94,1994-04-17,SP1,La Coruna,Tenerife,2,0,H,H,2,0,W,https://www.football-data.co.uk/mmz4281/9394/SP1.csv,,,
1993-94,1994-04-24,SP1,Lerida,La Coruna,0,0,D,A,0,0,D,https://www.football-data.co.uk/mmz4281/9394/SP1.csv,,,
1993-94,1994-05-01,SP1,La Coruna,Vallecano,0,0,D,H,0,0,D,https://www.football-data.co.uk/mmz4281/9394/SP1.csv,,,
1993-94,1994-05-08,SP1,Logrones,La Coruna,0,2,A,A,2,0,W,https://www.football-data.co.uk/mmz4281/9394/SP1.csv,,,
1993-94,1994-05-15,SP1,La Coruna,Valencia,0,0,D,H,0,0,D,https://www.football-data.co.uk/mmz4281/9394/SP1.csv,,,
1994-95,1994-09-04,SP1,Ath Bilbao,La Coruna,0,2,A,A,2,0,W,https://www.football-data.co.uk/mmz4281/9495/SP1.csv,,,
1994-95,1994-09-10,SP1,La Coruna,Sp Gijon,2,1,H,H,2,1,W,https://www.football-data.co.uk/mmz4281/9495/SP1.csv,,,
1994-95,1994-09-18,SP1,Santander,La Coruna,1,2,A,A,2,1,W,https://www.football-data.co.uk/mmz4281/9495/SP1.csv,,,
1994-95,1994-09-24,SP1,La Coruna,Espanol,1,1,D,H,1,1,D,https://www.football-data.co.uk/mmz4281/9495/SP1.csv,,,
1994-95,1994-10-01,SP1,Compostela,La Coruna,0,1,A,A,1,0,W,https://www.football-data.co.uk/mmz4281/9495/SP1.csv,,,
1994-95,1994-10-09,SP1,La Coruna,Zaragoza,3,3,D,H,3,3,D,https://www.football-data.co.uk/mmz4281/9495/SP1.csv,,,
1994-95,1994-10-15,SP1,Ath Madrid,La Coruna,1,1,D,A,1,1,D,https://www.football-data.co.uk/mmz4281/9495/SP1.csv,,,
1994-95,1994-10-23,SP1,La Coruna,Valencia,3,1,H,H,3,1,W,https://www.football-data.co.uk/mmz4281/9495/SP1.csv,,,
1994-95,1994-10-29,SP1,Tenerife,La Coruna,1,1,D,A,1,1,D,https://www.football-data.co.uk/mmz4281/9495/SP1.csv,,,
1994-95,1994-11-06,SP1,La Coruna,Sociedad,3,1,H,H,3,1,W,https://www.football-data.co.uk/mmz4281/9495/SP1.csv,,,
1994-95,1994-11-19,SP1,Oviedo,La Coruna,2,0,H,A,0,2,L,https://www.football-data.co.uk/mmz4281/9495/SP1.csv,,,
1994-95,1994-11-27,SP1,La Coruna,Valladolid,4,0,H,H,4,0,W,https://www.football-data.co.uk/mmz4281/9495/SP1.csv,,,
1994-95,1994-12-03,SP1,Barcelona,La Coruna,1,1,D,A,1,1,D,https://www.football-data.co.uk/mmz4281/9495/SP1.csv,,,
1994-95,1994-12-11,SP1,La Coruna,Sevilla,5,1,H,H,5,1,W,https://www.football-data.co.uk/mmz4281/9495/SP1.csv,,,
1994-95,1994-12-21,SP1,La Coruna,Celta,1,2,A,H,1,2,L,https://www.football-data.co.uk/mmz4281/9495/SP1.csv,,,
1994-95,1995-01-08,SP1,Betis,La Coruna,0,0,D,A,0,0,D,https://www.football-data.co.uk/mmz4281/9495/SP1.csv,,,
1994-95,1995-01-14,SP1,La Coruna,Real Madrid,0,0,D,H,0,0,D,https://www.football-data.co.uk/mmz4281/9495/SP1.csv,,,
1994-95,1995-01-21,SP1,Logrones,La Coruna,0,1,A,A,1,0,W,https://www.football-data.co.uk/mmz4281/9495/SP1.csv,,,
1994-95,1995-01-29,SP1,La Coruna,Albacete,2,1,H,H,2,1,W,https://www.football-data.co.uk/mmz4281/9495/SP1.csv,,,
1994-95,1995-02-04,SP1,La Coruna,Ath Bilbao,0,0,D,H,0,0,D,https://www.football-data.co.uk/mmz4281/9495/SP1.csv,,,
1994-95,1995-02-12,SP1,Sp Gijon,La Coruna,3,1,H,A,1,3,L,https://www.football-data.co.uk/mmz4281/9495/SP1.csv,,,
1994-95,1995-02-19,SP1,La Coruna,Santander,3,0,H,H,3,0,W,https://www.football-data.co.uk/mmz4281/9495/SP1.csv,,,
1994-95,1995-02-26,SP1,Espanol,La Coruna,1,0,H,A,0,1,L,https://www.football-data.co.uk/mmz4281/9495/SP1.csv,,,
1994-95,1995-03-05,SP1,La Coruna,Compostela,1,0,H,H,1,0,W,https://www.football-data.co.uk/mmz4281/9495/SP1.csv,,,
1994-95,1995-03-12,SP1,Zaragoza,La Coruna,1,0,H,A,0,1,L,https://www.football-data.co.uk/mmz4281/9495/SP1.csv,,,
1994-95,1995-03-18,SP1,La Coruna,Ath Madrid,0,1,A,H,0,1,L,https://www.football-data.co.uk/mmz4281/9495/SP1.csv,,,
1994-95,1995-04-01,SP1,Valencia,La Coruna,1,2,A,A,2,1,W,https://www.football-data.co.uk/mmz4281/9495/SP1.csv,,,
1994-95,1995-04-09,SP1,La Coruna,Tenerife,4,1,H,H,4,1,W,https://www.football-data.co.uk/mmz4281/9495/SP1.csv,,,
1994-95,1995-04-16,SP1,Sociedad,La Coruna,1,3,A,A,3,1,W,https://www.football-data.co.uk/mmz4281/9495/SP1.csv,,,
1994-95,1995-04-23,SP1,La Coruna,Oviedo,2,2,D,H,2,2,D,https://www.football-data.co.uk/mmz4281/9495/SP1.csv,,,
1994-95,1995-04-30,SP1,Valladolid,La Coruna,0,0,D,A,0,0,D,https://www.football-data.co.uk/mmz4281/9495/SP1.csv,,,
1994-95,1995-05-06,SP1,La Coruna,Barcelona,1,0,H,H,1,0,W,https://www.football-data.co.uk/mmz4281/9495/SP1.csv,,,
1994-95,1995-05-13,SP1,Sevilla,La Coruna,0,0,D,A,0,0,D,https://www.football-data.co.uk/mmz4281/9495/SP1.csv,,,
1994-95,1995-05-21,SP1,Celta,La Coruna,0,2,A,A,2,0,W,https://www.football-data.co.uk/mmz4281/9495/SP1.csv,,,
1994-95,1995-05-27,SP1,La Coruna,Betis,2,0,H,H,2,0,W,https://www.football-data.co.uk/mmz4281/9495/SP1.csv,,,
1994-95,1995-06-03,SP1,Real Madrid,La Coruna,2,1,H,A,1,2,L,https://www.football-data.co.uk/mmz4281/9495/SP1.csv,,,
1994-95,1995-06-10,SP1,La Coruna,Logrones,5,0,H,H,5,0,W,https://www.football-data.co.uk/mmz4281/9495/SP1.csv,,,
1994-95,1995-06-18,SP1,Albacete,La Coruna,2,8,A,A,8,2,W,https://www.football-data.co.uk/mmz4281/9495/SP1.csv,,,
1995-96,1995-09-02,SP1,La Coruna,Valencia,3,0,H,H,3,0,W,https://www.football-data.co.uk/mmz4281/9596/SP1.csv,2,0,H
1995-96,1995-09-10,SP1,Compostela,La Coruna,4,0,H,A,0,4,L,https://www.football-data.co.uk/mmz4281/9596/SP1.csv,2,0,H
1995-96,1995-09-17,SP1,La Coruna,Salamanca,2,0,H,H,2,0,W,https://www.football-data.co.uk/mmz4281/9596/SP1.csv,1,0,H
1995-96,1995-09-24,SP1,Tenerife,La Coruna,1,1,D,A,1,1,D,https://www.football-data.co.uk/mmz4281/9596/SP1.csv,0,0,D
1995-96,1995-10-01,SP1,La Coruna,Albacete,5,0,H,H,5,0,W,https://www.football-data.co.uk/mmz4281/9596/SP1.csv,1,0,H
1995-96,1995-10-04,SP1,Sociedad,La Coruna,2,1,H,A,1,2,L,https://www.football-data.co.uk/mmz4281/9596/SP1.csv,1,1,D
1995-96,1995-10-08,SP1,La Coruna,Santander,2,3,A,H,2,3,L,https://www.football-data.co.uk/mmz4281/9596/SP1.csv,0,1,A
1995-96,1995-10-14,SP1,Ath Madrid,La Coruna,1,0,H,A,0,1,L,https://www.football-data.co.uk/mmz4281/9596/SP1.csv,1,0,H
1995-96,1995-10-22,SP1,La Coruna,Sp Gijon,1,0,H,H,1,0,W,https://www.football-data.co.uk/mmz4281/9596/SP1.csv,1,0,H
1995-96,1995-10-28,SP1,Sevilla,La Coruna,0,0,D,A,0,0,D,https://www.football-data.co.uk/mmz4281/9596/SP1.csv,0,0,D
1995-96,1995-11-05,SP1,La Coruna,Espanol,0,1,A,H,0,1,L,https://www.football-data.co.uk/mmz4281/9596/SP1.csv,0,0,D
1995-96,1995-11-11,SP1,Celta,La Coruna,0,0,D,A,0,0,D,https://www.football-data.co.uk/mmz4281/9596/SP1.csv,0,0,D
1995-96,1995-11-19,SP1,Ath Bilbao,La Coruna,1,0,H,A,0,1,L,https://www.football-data.co.uk/mmz4281/9596/SP1.csv,,,
1995-96,1995-11-26,SP1,La Coruna,Valladolid,3,1,H,H,3,1,W,https://www.football-data.co.uk/mmz4281/9596/SP1.csv,1,0,H
1995-96,1995-12-03,SP1,Merida,La Coruna,0,2,A,A,2,0,W,https://www.football-data.co.uk/mmz4281/9596/SP1.csv,0,1,A
1995-96,1995-12-10,SP1,La Coruna,Zaragoza,2,3,A,H,2,3,L,https://www.football-data.co.uk/mmz4281/9596/SP1.csv,1,2,A
1995-96,1995-12-17,SP1,Vallecano,La Coruna,0,6,A,A,6,0,W,https://www.football-data.co.uk/mmz4281/9596/SP1.csv,0,3,A
1995-96,1995-12-21,SP1,La Coruna,Real Madrid,3,0,H,H,3,0,W,https://www.football-data.co.uk/mmz4281/9596/SP1.csv,3,0,H
1995-96,1996-01-03,SP1,Oviedo,La Coruna,0,2,A,A,2,0,W,https://www.football-data.co.uk/mmz4281/9596/SP1.csv,0,0,D
1995-96,1996-01-07,SP1,La Coruna,Betis,0,0,D,H,0,0,D,https://www.football-data.co.uk/mmz4281/9596/SP1.csv,0,0,D
1995-96,1996-01-14,SP1,Barcelona,La Coruna,1,1,D,A,1,1,D,https://www.football-data.co.uk/mmz4281/9596/SP1.csv,0,1,A
1995-96,1996-01-20,SP1,Valencia,La Coruna,2,1,H,A,1,2,L,https://www.football-data.co.uk/mmz4281/9596/SP1.csv,0,1,A
1995-96,1996-01-24,SP1,La Coruna,Compostela,2,0,H,H,2,0,W,https://www.football-data.co.uk/mmz4281/9596/SP1.csv,1,0,H
1995-96,1996-01-27,SP1,Salamanca,La Coruna,0,5,A,A,5,0,W,https://www.football-data.co.uk/mmz4281/9596/SP1.csv,0,3,A
1995-96,1996-02-04,SP1,La Coruna,Tenerife,1,1,D,H,1,1,D,https://www.football-data.co.uk/mmz4281/9596/SP1.csv,0,1,A
1995-96,1996-02-11,SP1,Albacete,La Coruna,1,0,H,A,0,1,L,https://www.football-data.co.uk/mmz4281/9596/SP1.csv,1,0,H
1995-96,1996-02-18,SP1,La Coruna,Sociedad,1,1,D,H,1,1,D,https://www.football-data.co.uk/mmz4281/9596/SP1.csv,0,1,A
1995-96,1996-02-24,SP1,Santander,La Coruna,2,1,H,A,1,2,L,https://www.football-data.co.uk/mmz4281/9596/SP1.csv,1,0,H
1995-96,1996-03-03,SP1,La Coruna,Ath Madrid,2,2,D,H,2,2,D,https://www.football-data.co.uk/mmz4281/9596/SP1.csv,0,1,A
1995-96,1996-03-10,SP1,Sp Gijon,La Coruna,1,1,D,A,1,1,D,https://www.football-data.co.uk/mmz4281/9596/SP1.csv,1,0,H
1995-96,1996-03-17,SP1,La Coruna,Sevilla,3,2,H,H,3,2,W,https://www.football-data.co.uk/mmz4281/9596/SP1.csv,2,1,H
1995-96,1996-03-24,SP1,Espanol,La Coruna,0,0,D,A,0,0,D,https://www.football-data.co.uk/mmz4281/9596/SP1.csv,0,0,D
1995-96,1996-03-27,SP1,La Coruna,Celta,2,1,H,H,2,1,W,https://www.football-data.co.uk/mmz4281/9596/SP1.csv,1,0,H
1995-96,1996-03-31,SP1,La Coruna,Ath Bilbao,0,0,D,H,0,0,D,https://www.football-data.co.uk/mmz4281/9596/SP1.csv,0,0,D
1995-96,1996-04-07,SP1,Valladolid,La Coruna,2,2,D,A,2,2,D,https://www.football-data.co.uk/mmz4281/9596/SP1.csv,2,1,H
1995-96,1996-04-14,SP1,La Coruna,Merida,2,1,H,H,2,1,W,https://www.football-data.co.uk/mmz4281/9596/SP1.csv,0,0,D
1995-96,1996-04-21,SP1,Zaragoza,La Coruna,2,3,A,A,3,2,W,https://www.football-data.co.uk/mmz4281/9596/SP1.csv,1,2,A
1995-96,1996-04-28,SP1,La Coruna,Vallecano,1,0,H,H,1,0,W,https://www.football-data.co.uk/mmz4281/9596/SP1.csv,0,0,D
1995-96,1996-05-05,SP1,Real Madrid,La Coruna,1,0,H,A,0,1,L,https://www.football-data.co.uk/mmz4281/9596/SP1.csv,0,0,D
1995-96,1996-05-12,SP1,La Coruna,Oviedo,0,4,A,H,0,4,L,https://www.football-data.co.uk/mmz4281/9596/SP1.csv,0,1,A
1995-96,1996-05-19,SP1,Betis,La Coruna,1,0,H,A,0,1,L,https://www.football-data.co.uk/mmz4281/9596/SP1.csv,1,0,H
1995-96,1996-05-26,SP1,La Coruna,Barcelona,2,2,D,H,2,2,D,https://www.football-data.co.uk/mmz4281/9596/SP1.csv,1,0,H
1996-97,1996-08-31,SP1,La Coruna,Real Madrid,1,1,D,H,1,1,D,https://www.football-data.co.uk/mmz4281/9697/SP1.csv,1,0,H
1996-97,1996-09-08,SP1,Celta,La Coruna,1,1,D,A,1,1,D,https://www.football-data.co.uk/mmz4281/9697/SP1.csv,0,1,A
1996-97,1996-09-15,SP1,Ath Madrid,La Coruna,0,2,A,A,2,0,W,https://www.football-data.co.uk/mmz4281/9697/SP1.csv,0,0,D
1996-97,1996-09-22,SP1,La Coruna,Hercules,4,0,H,H,4,0,W,https://www.football-data.co.uk/mmz4281/9697/SP1.csv,3,0,H
1996-97,1996-09-28,SP1,Betis,La Coruna,1,2,A,A,2,1,W,https://www.football-data.co.uk/mmz4281/9697/SP1.csv,1,0,H
1996-97,1996-10-02,SP1,La Coruna,Vallecano,1,1,D,H,1,1,D,https://www.football-data.co.uk/mmz4281/9697/SP1.csv,0,0,D
1996-97,1996-10-13,SP1,Oviedo,La Coruna,0,1,A,A,1,0,W,https://www.football-data.co.uk/mmz4281/9697/SP1.csv,0,0,D
1996-97,1996-10-19,SP1,La Coruna,Espanol,2,0,H,H,2,0,W,https://www.football-data.co.uk/mmz4281/9697/SP1.csv,0,0,D
1996-97,1996-10-23,SP1,Santander,La Coruna,1,1,D,A,1,1,D,https://www.football-data.co.uk/mmz4281/9697/SP1.csv,0,0,D
1996-97,1996-10-27,SP1,La Coruna,Sociedad,1,0,H,H,1,0,W,https://www.football-data.co.uk/mmz4281/9697/SP1.csv,1,0,H
1996-97,1996-11-03,SP1,Zaragoza,La Coruna,1,2,A,A,2,1,W,https://www.football-data.co.uk/mmz4281/9697/SP1.csv,1,1,D
1996-97,1996-11-10,SP1,La Coruna,Tenerife,0,0,D,H,0,0,D,https://www.football-data.co.uk/mmz4281/9697/SP1.csv,0,0,D
1996-97,1996-11-16,SP1,Compostela,La Coruna,0,0,D,A,0,0,D,https://www.football-data.co.uk/mmz4281/9697/SP1.csv,0,0,D
1996-97,1996-11-24,SP1,La Coruna,Logrones,4,1,H,H,4,1,W,https://www.football-data.co.uk/mmz4281/9697/SP1.csv,2,1,H
1996-97,1996-12-01,SP1,Sevilla,La Coruna,0,1,A,A,1,0,W,https://www.football-data.co.uk/mmz4281/9697/SP1.csv,0,0,D
1996-97,1996-12-08,SP1,La Coruna,Valencia,1,0,H,H,1,0,W,https://www.football-data.co.uk/mmz4281/9697/SP1.csv,1,0,H
1996-97,1996-12-22,SP1,Sp Gijon,La Coruna,1,1,D,A,1,1,D,https://www.football-data.co.uk/mmz4281/9697/SP1.csv,1,1,D
1996-97,1997-01-04,SP1,La Coruna,Barcelona,0,1,A,H,0,1,L,https://www.football-data.co.uk/mmz4281/9697/SP1.csv,0,0,D
1996-97,1997-01-12,SP1,Valladolid,La Coruna,1,1,D,A,1,1,D,https://www.football-data.co.uk/mmz4281/9697/SP1.csv,1,1,D
1996-97,1997-01-19,SP1,La Coruna,Ath Bilbao,2,2,D,H,2,2,D,https://www.football-data.co.uk/mmz4281/9697/SP1.csv,2,1,H
1996-97,1997-01-25,SP1,Extremadura,La Coruna,1,0,H,A,0,1,L,https://www.football-data.co.uk/mmz4281/9697/SP1.csv,0,0,D
1996-97,1997-02-02,SP1,Real Madrid,La Coruna,3,2,H,A,2,3,L,https://www.football-data.co.uk/mmz4281/9697/SP1.csv,1,1,D
1996-97,1997-02-09,SP1,La Coruna,Celta,2,2,D,H,2,2,D,https://www.football-data.co.uk/mmz4281/9697/SP1.csv,1,1,D
1996-97,1997-02-16,SP1,La Coruna,Ath Madrid,0,0,D,H,0,0,D,https://www.football-data.co.uk/mmz4281/9697/SP1.csv,0,0,D
1996-97,1997-02-19,SP1,Hercules,La Coruna,1,3,A,A,3,1,W,https://www.football-data.co.uk/mmz4281/9697/SP1.csv,1,2,A
1996-97,1997-02-23,SP1,La Coruna,Betis,3,0,H,H,3,0,W,https://www.football-data.co.uk/mmz4281/9697/SP1.csv,2,0,H
1996-97,1997-03-01,SP1,Vallecano,La Coruna,1,2,A,A,2,1,W,https://www.football-data.co.uk/mmz4281/9697/SP1.csv,0,1,A
1996-97,1997-03-09,SP1,La Coruna,Oviedo,3,0,H,H,3,0,W,https://www.football-data.co.uk/mmz4281/9697/SP1.csv,2,0,H
1996-97,1997-03-15,SP1,Espanol,La Coruna,0,1,A,A,1,0,W,https://www.football-data.co.uk/mmz4281/9697/SP1.csv,0,1,A
1996-97,1997-03-23,SP1,La Coruna,Santander,2,1,H,H,2,1,W,https://www.football-data.co.uk/mmz4281/9697/SP1.csv,1,1,D
1996-97,1997-03-29,SP1,Sociedad,La Coruna,1,1,D,A,1,1,D,https://www.football-data.co.uk/mmz4281/9697/SP1.csv,1,0,H
1996-97,1997-04-06,SP1,La Coruna,Zaragoza,1,0,H,H,1,0,W,https://www.football-data.co.uk/mmz4281/9697/SP1.csv,1,0,H
1996-97,1997-04-12,SP1,Tenerife,La Coruna,2,1,H,A,1,2,L,https://www.football-data.co.uk/mmz4281/9697/SP1.csv,1,0,H
1996-97,1997-04-16,SP1,La Coruna,Compostela,1,0,H,H,1,0,W,https://www.football-data.co.uk/mmz4281/9697/SP1.csv,0,0,D
1996-97,1997-04-20,SP1,Logrones,La Coruna,1,2,A,A,2,1,W,https://www.football-data.co.uk/mmz4281/9697/SP1.csv,0,1,A
1996-97,1997-05-03,SP1,La Coruna,Sevilla,3,0,H,H,3,0,W,https://www.football-data.co.uk/mmz4281/9697/SP1.csv,1,0,H
1996-97,1997-05-12,SP1,Valencia,La Coruna,1,1,D,A,1,1,D,https://www.football-data.co.uk/mmz4281/9697/SP1.csv,1,1,D
1996-97,1997-05-18,SP1,La Coruna,Sp Gijon,0,0,D,H,0,0,D,https://www.football-data.co.uk/mmz4281/9697/SP1.csv,0,0,D
1996-97,1997-05-24,SP1,Barcelona,La Coruna,1,0,H,A,0,1,L,https://www.football-data.co.uk/mmz4281/9697/SP1.csv,0,0,D
1996-97,1997-06-01,SP1,La Coruna,Valladolid,0,2,A,H,0,2,L,https://www.football-data.co.uk/mmz4281/9697/SP1.csv,0,1,A
1996-97,1997-06-16,SP1,Ath Bilbao,La Coruna,1,0,H,A,0,1,L,https://www.football-data.co.uk/mmz4281/9697/SP1.csv,0,0,D
1996-97,1997-06-22,SP1,La Coruna,Extremadura,1,0,H,H,1,0,W,https://www.football-data.co.uk/mmz4281/9697/SP1.csv,0,0,D
1997-98,1997-08-31,SP1,Tenerife,La Coruna,0,0,D,A,0,0,D,https://www.football-data.co.uk/mmz4281/9798/SP1.csv,0,0,D
1997-98,1997-09-07,SP1,La Coruna,Mallorca,1,1,D,H,1,1,D,https://www.football-data.co.uk/mmz4281/9798/SP1.csv,0,1,A
1997-98,1997-09-13,SP1,Barcelona,La Coruna,2,1,H,A,1,2,L,https://www.football-data.co.uk/mmz4281/9798/SP1.csv,1,0,H
1997-98,1997-09-28,SP1,La Coruna,Santander,4,1,H,H,4,1,W,https://www.football-data.co.uk/mmz4281/9798/SP1.csv,2,1,H
1997-98,1997-10-05,SP1,Real Madrid,La Coruna,0,0,D,A,0,0,D,https://www.football-data.co.uk/mmz4281/9798/SP1.csv,0,0,D
1997-98,1997-10-15,SP1,La Coruna,Valladolid,1,3,A,H,1,3,L,https://www.football-data.co.uk/mmz4281/9798/SP1.csv,1,3,A
1997-98,1997-10-18,SP1,Ath Bilbao,La Coruna,1,1,D,A,1,1,D,https://www.football-data.co.uk/mmz4281/9798/SP1.csv,0,0,D
1997-98,1997-10-25,SP1,La Coruna,Celta,1,1,D,H,1,1,D,https://www.football-data.co.uk/mmz4281/9798/SP1.csv,1,1,D
1997-98,1997-11-02,SP1,Oviedo,La Coruna,1,1,D,A,1,1,D,https://www.football-data.co.uk/mmz4281/9798/SP1.csv,0,0,D
1997-98,1997-11-09,SP1,La Coruna,Merida,0,1,A,H,0,1,L,https://www.football-data.co.uk/mmz4281/9798/SP1.csv,0,0,D
1997-98,1997-11-12,SP1,Zaragoza,La Coruna,1,2,A,A,2,1,W,https://www.football-data.co.uk/mmz4281/9798/SP1.csv,0,1,A
1997-98,1997-11-16,SP1,La Coruna,Espanol,1,1,D,H,1,1,D,https://www.football-data.co.uk/mmz4281/9798/SP1.csv,1,1,D
1997-98,1997-11-23,SP1,Betis,La Coruna,1,0,H,A,0,1,L,https://www.football-data.co.uk/mmz4281/9798/SP1.csv,0,0,D
1997-98,1997-11-30,SP1,La Coruna,Ath Madrid,2,2,D,H,2,2,D,https://www.football-data.co.uk/mmz4281/9798/SP1.csv,1,1,D
1997-98,1997-12-07,SP1,Salamanca,La Coruna,4,1,H,A,1,4,L,https://www.football-data.co.uk/mmz4281/9798/SP1.csv,0,1,A
1997-98,1997-12-14,SP1,La Coruna,Sociedad,1,1,D,H,1,1,D,https://www.football-data.co.uk/mmz4281/9798/SP1.csv,1,1,D
1997-98,1997-12-18,SP1,Valencia,La Coruna,1,0,H,A,0,1,L,https://www.football-data.co.uk/mmz4281/9798/SP1.csv,0,0,D
1997-98,1997-12-21,SP1,Compostela,La Coruna,0,0,D,A,0,0,D,https://www.football-data.co.uk/mmz4281/9798/SP1.csv,0,0,D
1997-98,1998-01-04,SP1,La Coruna,Sp Gijon,2,1,H,H,2,1,W,https://www.football-data.co.uk/mmz4281/9798/SP1.csv,0,1,A
1997-98,1998-01-11,SP1,La Coruna,Tenerife,1,0,H,H,1,0,W,https://www.football-data.co.uk/mmz4281/9798/SP1.csv,0,0,D
1997-98,1998-01-18,SP1,Mallorca,La Coruna,0,0,D,A,0,0,D,https://www.football-data.co.uk/mmz4281/9798/SP1.csv,0,0,D
1997-98,1998-01-25,SP1,La Coruna,Barcelona,3,1,H,H,3,1,W,https://www.football-data.co.uk/mmz4281/9798/SP1.csv,1,0,H
1997-98,1998-02-01,SP1,Santander,La Coruna,0,1,A,A,1,0,W,https://www.football-data.co.uk/mmz4281/9798/SP1.csv,0,0,D
1997-98,1998-02-08,SP1,La Coruna,Real Madrid,2,2,D,H,2,2,D,https://www.football-data.co.uk/mmz4281/9798/SP1.csv,2,1,H
1997-98,1998-02-14,SP1,Valladolid,La Coruna,1,0,H,A,0,1,L,https://www.football-data.co.uk/mmz4281/9798/SP1.csv,0,0,D
1997-98,1998-02-22,SP1,La Coruna,Ath Bilbao,3,0,H,H,3,0,W,https://www.football-data.co.uk/mmz4281/9798/SP1.csv,0,0,D
1997-98,1998-03-01,SP1,Celta,La Coruna,2,1,H,A,1,2,L,https://www.football-data.co.uk/mmz4281/9798/SP1.csv,0,1,A
1997-98,1998-03-08,SP1,La Coruna,Oviedo,2,1,H,H,2,1,W,https://www.football-data.co.uk/mmz4281/9798/SP1.csv,1,0,H
1997-98,1998-03-15,SP1,Merida,La Coruna,1,0,H,A,0,1,L,https://www.football-data.co.uk/mmz4281/9798/SP1.csv,1,0,H
1997-98,1998-03-22,SP1,La Coruna,Zaragoza,2,1,H,H,2,1,W,https://www.football-data.co.uk/mmz4281/9798/SP1.csv,1,0,H
1997-98,1998-03-29,SP1,Espanol,La Coruna,2,0,H,A,0,2,L,https://www.football-data.co.uk/mmz4281/9798/SP1.csv,1,0,H
1997-98,1998-04-04,SP1,La Coruna,Betis,2,0,H,H,2,0,W,https://www.football-data.co.uk/mmz4281/9798/SP1.csv,0,0,D
1997-98,1998-04-11,SP1,Ath Madrid,La Coruna,3,0,H,A,0,3,L,https://www.football-data.co.uk/mmz4281/9798/SP1.csv,3,0,H
1997-98,1998-04-19,SP1,La Coruna,Salamanca,1,0,H,H,1,0,W,https://www.football-data.co.uk/mmz4281/9798/SP1.csv,0,0,D
1997-98,1998-04-27,SP1,Sociedad,La Coruna,1,1,D,A,1,1,D,https://www.football-data.co.uk/mmz4281/9798/SP1.csv,0,1,A
1997-98,1998-05-02,SP1,La Coruna,Valencia,1,2,A,H,1,2,L,https://www.football-data.co.uk/mmz4281/9798/SP1.csv,0,0,D
1997-98,1998-05-10,SP1,La Coruna,Compostela,2,6,A,H,2,6,L,https://www.football-data.co.uk/mmz4281/9798/SP1.csv,2,2,D
1997-98,1998-05-16,SP1,Sp Gijon,La Coruna,0,3,A,A,3,0,W,https://www.football-data.co.uk/mmz4281/9798/SP1.csv,0,1,A
1998-99,1998-08-30,SP1,Celta,La Coruna,0,0,D,A,0,0,D,https://www.football-data.co.uk/mmz4281/9899/SP1.csv,0,0,D
1998-99,1998-09-12,SP1,La Coruna,Valencia,1,0,H,H,1,0,W,https://www.football-data.co.uk/mmz4281/9899/SP1.csv,1,0,H
1998-99,1998-09-20,SP1,Salamanca,La Coruna,3,1,H,A,1,3,L,https://www.football-data.co.uk/mmz4281/9899/SP1.csv,1,0,H
1998-99,1998-09-27,SP1,La Coruna,Espanol,1,0,H,H,1,0,W,https://www.football-data.co.uk/mmz4281/9899/SP1.csv,0,0,D
1998-99,1998-10-04,SP1,Sociedad,La Coruna,2,0,H,A,0,2,L,https://www.football-data.co.uk/mmz4281/9899/SP1.csv,1,0,H
1998-99,1998-10-18,SP1,La Coruna,Oviedo,4,0,H,H,4,0,W,https://www.football-data.co.uk/mmz4281/9899/SP1.csv,3,0,H
1998-99,1998-10-25,SP1,Tenerife,La Coruna,1,1,D,A,1,1,D,https://www.football-data.co.uk/mmz4281/9899/SP1.csv,1,0,H
1998-99,1998-11-01,SP1,La Coruna,Mallorca,1,1,D,H,1,1,D,https://www.football-data.co.uk/mmz4281/9899/SP1.csv,1,1,D
1998-99,1998-11-08,SP1,Ath Madrid,La Coruna,1,1,D,A,1,1,D,https://www.football-data.co.uk/mmz4281/9899/SP1.csv,0,0,D
1998-99,1998-11-15,SP1,La Coruna,Alaves,2,2,D,H,2,2,D,https://www.football-data.co.uk/mmz4281/9899/SP1.csv,1,1,D
1998-99,1998-11-22,SP1,La Coruna,Villareal,2,1,H,H,2,1,W,https://www.football-data.co.uk/mmz4281/9899/SP1.csv,1,1,D
1998-99,1998-11-29,SP1,Valladolid,La Coruna,0,1,A,A,1,0,W,https://www.football-data.co.uk/mmz4281/9899/SP1.csv,0,1,A
1998-99,1998-12-05,SP1,La Coruna,Barcelona,2,1,H,H,2,1,W,https://www.football-data.co.uk/mmz4281/9899/SP1.csv,0,0,D
1998-99,1998-12-13,SP1,Ath Bilbao,La Coruna,2,1,H,A,1,2,L,https://www.football-data.co.uk/mmz4281/9899/SP1.csv,1,1,D
1998-99,1998-12-19,SP1,La Coruna,Betis,2,2,D,H,2,2,D,https://www.football-data.co.uk/mmz4281/9899/SP1.csv,1,1,D
1998-99,1999-01-03,SP1,Zaragoza,La Coruna,3,1,H,A,1,3,L,https://www.football-data.co.uk/mmz4281/9899/SP1.csv,0,1,A
1998-99,1999-01-10,SP1,La Coruna,Santander,1,2,A,H,1,2,L,https://www.football-data.co.uk/mmz4281/9899/SP1.csv,0,1,A
1998-99,1999-01-17,SP1,Extremadura,La Coruna,1,2,A,A,2,1,W,https://www.football-data.co.uk/mmz4281/9899/SP1.csv,0,1,A
1998-99,1999-01-24,SP1,La Coruna,Real Madrid,4,0,H,H,4,0,W,https://www.football-data.co.uk/mmz4281/9899/SP1.csv,3,0,H
1998-99,1999-01-31,SP1,La Coruna,Celta,2,1,H,H,2,1,W,https://www.football-data.co.uk/mmz4281/9899/SP1.csv,2,0,H
1998-99,1999-02-06,SP1,Valencia,La Coruna,0,0,D,A,0,0,D,https://www.football-data.co.uk/mmz4281/9899/SP1.csv,0,0,D
1998-99,1999-02-13,SP1,La Coruna,Salamanca,1,0,H,H,1,0,W,https://www.football-data.co.uk/mmz4281/9899/SP1.csv,0,0,D
1998-99,1999-02-21,SP1,Espanol,La Coruna,2,2,D,A,2,2,D,https://www.football-data.co.uk/mmz4281/9899/SP1.csv,1,0,H
1998-99,1999-02-28,SP1,La Coruna,Sociedad,0,1,A,H,0,1,L,https://www.football-data.co.uk/mmz4281/9899/SP1.csv,0,0,D
1998-99,1999-03-06,SP1,Oviedo,La Coruna,1,2,A,A,2,1,W,https://www.football-data.co.uk/mmz4281/9899/SP1.csv,0,1,A
1998-99,1999-03-14,SP1,La Coruna,Tenerife,2,0,H,H,2,0,W,https://www.football-data.co.uk/mmz4281/9899/SP1.csv,1,0,H
1998-99,1999-03-21,SP1,Mallorca,La Coruna,1,2,A,A,2,1,W,https://www.football-data.co.uk/mmz4281/9899/SP1.csv,0,1,A
1998-99,1999-04-03,SP1,La Coruna,Ath Madrid,1,1,D,H,1,1,D,https://www.football-data.co.uk/mmz4281/9899/SP1.csv,0,1,A
1998-99,1999-04-11,SP1,Alaves,La Coruna,2,1,H,A,1,2,L,https://www.football-data.co.uk/mmz4281/9899/SP1.csv,1,1,D
1998-99,1999-04-18,SP1,Villareal,La Coruna,1,2,A,A,2,1,W,https://www.football-data.co.uk/mmz4281/9899/SP1.csv,0,2,A
1998-99,1999-04-25,SP1,La Coruna,Valladolid,3,0,H,H,3,0,W,https://www.football-data.co.uk/mmz4281/9899/SP1.csv,2,0,H
1998-99,1999-05-02,SP1,Barcelona,La Coruna,4,0,H,A,0,4,L,https://www.football-data.co.uk/mmz4281/9899/SP1.csv,3,0,H
1998-99,1999-05-09,SP1,La Coruna,Ath Bilbao,1,1,D,H,1,1,D,https://www.football-data.co.uk/mmz4281/9899/SP1.csv,0,1,A
1998-99,1999-05-16,SP1,Betis,La Coruna,0,3,A,A,3,0,W,https://www.football-data.co.uk/mmz4281/9899/SP1.csv,0,2,A
1998-99,1999-05-23,SP1,La Coruna,Zaragoza,2,1,H,H,2,1,W,https://www.football-data.co.uk/mmz4281/9899/SP1.csv,1,0,H
1998-99,1999-05-30,SP1,Santander,La Coruna,1,1,D,A,1,1,D,https://www.football-data.co.uk/mmz4281/9899/SP1.csv,0,0,D
1998-99,1999-06-12,SP1,La Coruna,Extremadura,1,1,D,H,1,1,D,https://www.football-data.co.uk/mmz4281/9899/SP1.csv,0,1,A
1998-99,1999-06-20,SP1,Real Madrid,La Coruna,3,1,H,A,1,3,L,https://www.football-data.co.uk/mmz4281/9899/SP1.csv,2,0,H
1999-00,1999-08-22,SP1,La Coruna,Alaves,4,1,H,H,4,1,W,https://www.football-data.co.uk/mmz4281/9900/SP1.csv,3,1,H
1999-00,1999-08-29,SP1,Betis,La Coruna,0,0,D,A,0,0,D,https://www.football-data.co.uk/mmz4281/9900/SP1.csv,0,0,D
1999-00,1999-09-11,SP1,La Coruna,Valladolid,2,0,H,H,2,0,W,https://www.football-data.co.uk/mmz4281/9900/SP1.csv,2,0,H
1999-00,1999-09-18,SP1,Real Madrid,La Coruna,1,1,D,A,1,1,D,https://www.football-data.co.uk/mmz4281/9900/SP1.csv,0,0,D
1999-00,1999-09-26,SP1,La Coruna,Numancia,0,2,A,H,0,2,L,https://www.football-data.co.uk/mmz4281/9900/SP1.csv,0,1,A
1999-00,1999-10-03,SP1,Ath Bilbao,La Coruna,2,3,A,A,3,2,W,https://www.football-data.co.uk/mmz4281/9900/SP1.csv,0,1,A
1999-00,1999-10-12,SP1,Mallorca,La Coruna,2,2,D,A,2,2,D,https://www.football-data.co.uk/mmz4281/9900/SP1.csv,0,0,D
1999-00,1999-10-16,SP1,La Coruna,Malaga,4,1,H,H,4,1,W,https://www.football-data.co.uk/mmz4281/9900/SP1.csv,1,1,D
1999-00,1999-10-23,SP1,Valencia,La Coruna,2,0,H,A,0,2,L,https://www.football-data.co.uk/mmz4281/9900/SP1.csv,1,0,H
1999-00,1999-10-30,SP1,La Coruna,Barcelona,2,1,H,H,2,1,W,https://www.football-data.co.uk/mmz4281/9900/SP1.csv,2,0,H
1999-00,1999-11-07,SP1,Oviedo,La Coruna,0,1,A,A,1,0,W,https://www.football-data.co.uk/mmz4281/9900/SP1.csv,0,0,D
1999-00,1999-11-22,SP1,La Coruna,Sevilla,5,2,H,H,5,2,W,https://www.football-data.co.uk/mmz4281/9900/SP1.csv,2,1,H
1999-00,1999-11-28,SP1,Ath Madrid,La Coruna,1,3,A,A,3,1,W,https://www.football-data.co.uk/mmz4281/9900/SP1.csv,0,3,A
1999-00,1999-12-05,SP1,La Coruna,Vallecano,3,2,H,H,3,2,W,https://www.football-data.co.uk/mmz4281/9900/SP1.csv,3,1,H
1999-00,1999-12-12,SP1,Sociedad,La Coruna,0,1,A,A,1,0,W,https://www.football-data.co.uk/mmz4281/9900/SP1.csv,0,1,A
1999-00,1999-12-18,SP1,La Coruna,Celta,1,0,H,H,1,0,W,https://www.football-data.co.uk/mmz4281/9900/SP1.csv,0,0,D
1999-00,1999-12-22,SP1,Zaragoza,La Coruna,2,1,H,A,1,2,L,https://www.football-data.co.uk/mmz4281/9900/SP1.csv,1,0,H
1999-00,2000-01-05,SP1,La Coruna,Santander,0,3,A,H,0,3,L,https://www.football-data.co.uk/mmz4281/9900/SP1.csv,0,1,A
1999-00,2000-01-08,SP1,Espanol,La Coruna,0,0,D,A,0,0,D,https://www.football-data.co.uk/mmz4281/9900/SP1.csv,0,0,D
1999-00,2000-01-16,SP1,Alaves,La Coruna,2,1,H,A,1,2,L,https://www.football-data.co.uk/mmz4281/9900/SP1.csv,1,0,H
1999-00,2000-01-22,SP1,La Coruna,Betis,2,0,H,H,2,0,W,https://www.football-data.co.uk/mmz4281/9900/SP1.csv,1,0,H
1999-00,2000-01-30,SP1,Valladolid,La Coruna,4,1,H,A,1,4,L,https://www.football-data.co.uk/mmz4281/9900/SP1.csv,1,0,H
1999-00,2000-02-06,SP1,La Coruna,Real Madrid,5,2,H,H,5,2,W,https://www.football-data.co.uk/mmz4281/9900/SP1.csv,2,1,H
1999-00,2000-02-13,SP1,Numancia,La Coruna,1,0,H,A,0,1,L,https://www.football-data.co.uk/mmz4281/9900/SP1.csv,0,0,D
1999-00,2000-02-19,SP1,La Coruna,Ath Bilbao,2,0,H,H,2,0,W,https://www.football-data.co.uk/mmz4281/9900/SP1.csv,1,0,H
1999-00,2000-02-27,SP1,La Coruna,Mallorca,2,1,H,H,2,1,W,https://www.football-data.co.uk/mmz4281/9900/SP1.csv,1,0,H
1999-00,2000-03-05,SP1,Malaga,La Coruna,1,0,H,A,0,1,L,https://www.football-data.co.uk/mmz4281/9900/SP1.csv,1,0,H
1999-00,2000-03-12,SP1,La Coruna,Valencia,2,0,H,H,2,0,W,https://www.football-data.co.uk/mmz4281/9900/SP1.csv,1,0,H
1999-00,2000-03-18,SP1,Barcelona,La Coruna,2,1,H,A,1,2,L,https://www.football-data.co.uk/mmz4281/9900/SP1.csv,2,0,H
1999-00,2000-03-26,SP1,La Coruna,Oviedo,3,1,H,H,3,1,W,https://www.football-data.co.uk/mmz4281/9900/SP1.csv,2,0,H
1999-00,2000-04-02,SP1,Sevilla,La Coruna,1,3,A,A,3,1,W,https://www.football-data.co.uk/mmz4281/9900/SP1.csv,1,2,A
1999-00,2000-04-08,SP1,La Coruna,Ath Madrid,4,1,H,H,4,1,W,https://www.football-data.co.uk/mmz4281/9900/SP1.csv,3,0,H
1999-00,2000-04-16,SP1,Vallecano,La Coruna,2,0,H,A,0,2,L,https://www.football-data.co.uk/mmz4281/9900/SP1.csv,1,0,H
1999-00,2000-04-23,SP1,La Coruna,Sociedad,2,0,H,H,2,0,W,https://www.football-data.co.uk/mmz4281/9900/SP1.csv,2,0,H
1999-00,2000-04-30,SP1,Celta,La Coruna,2,1,H,A,1,2,L,https://www.football-data.co.uk/mmz4281/9900/SP1.csv,1,0,H
1999-00,2000-05-07,SP1,La Coruna,Zaragoza,2,2,D,H,2,2,D,https://www.football-data.co.uk/mmz4281/9900/SP1.csv,0,0,D
1999-00,2000-05-14,SP1,Santander,La Coruna,0,0,D,A,0,0,D,https://www.football-data.co.uk/mmz4281/9900/SP1.csv,0,0,D
1999-00,2000-05-19,SP1,La Coruna,Espanol,2,0,H,H,2,0,W,https://www.football-data.co.uk/mmz4281/9900/SP1.csv,2,0,H
2000-01,2000-09-09,SP1,La Coruna,Ath Bilbao,2,0,H,H,2,0,W,https://www.football-data.co.uk/mmz4281/0001/SP1.csv,0,0,D
2000-01,2000-09-16,SP1,Santander,La Coruna,0,3,A,A,3,0,W,https://www.football-data.co.uk/mmz4281/0001/SP1.csv,0,1,A
2000-01,2000-09-23,SP1,Sociedad,La Coruna,1,1,D,A,1,1,D,https://www.football-data.co.uk/mmz4281/0001/SP1.csv,1,0,H
2000-01,2000-10-01,SP1,La Coruna,Barcelona,2,0,H,H,2,0,W,https://www.football-data.co.uk/mmz4281/0001/SP1.csv,0,0,D
2000-01,2000-10-14,SP1,Real Madrid,La Coruna,3,0,H,A,0,3,L,https://www.football-data.co.uk/mmz4281/0001/SP1.csv,2,0,H
2000-01,2000-10-21,SP1,La Coruna,Mallorca,1,1,D,H,1,1,D,https://www.football-data.co.uk/mmz4281/0001/SP1.csv,0,0,D
2000-01,2000-10-28,SP1,Numancia,La Coruna,1,2,A,A,2,1,W,https://www.football-data.co.uk/mmz4281/0001/SP1.csv,0,2,A
2000-01,2000-10-31,SP1,La Coruna,Las Palmas,4,0,H,H,4,0,W,https://www.football-data.co.uk/mmz4281/0001/SP1.csv,1,0,H
2000-01,2000-11-04,SP1,Villarreal,La Coruna,3,2,H,A,2,3,L,https://www.football-data.co.uk/mmz4281/0001/SP1.csv,1,1,D
2000-01,2000-11-11,SP1,La Coruna,Zaragoza,2,0,H,H,2,0,W,https://www.football-data.co.uk/mmz4281/0001/SP1.csv,1,0,H
2000-01,2000-11-18,SP1,Osasuna,La Coruna,1,1,D,A,1,1,D,https://www.football-data.co.uk/mmz4281/0001/SP1.csv,1,1,D
2000-01,2000-11-26,SP1,La Coruna,Celta,1,0,H,H,1,0,W,https://www.football-data.co.uk/mmz4281/0001/SP1.csv,0,0,D
2000-01,2000-12-02,SP1,Espanol,La Coruna,0,2,A,A,2,0,W,https://www.football-data.co.uk/mmz4281/0001/SP1.csv,0,0,D
2000-01,2000-12-10,SP1,La Coruna,Vallecano,1,1,D,H,1,1,D,https://www.football-data.co.uk/mmz4281/0001/SP1.csv,1,0,H
2000-01,2000-12-16,SP1,Alaves,La Coruna,3,1,H,A,1,3,L,https://www.football-data.co.uk/mmz4281/0001/SP1.csv,2,1,H
2000-01,2000-12-20,SP1,La Coruna,Oviedo,3,0,H,H,3,0,W,https://www.football-data.co.uk/mmz4281/0001/SP1.csv,1,0,H
2000-01,2001-01-07,SP1,Valladolid,La Coruna,3,1,H,A,1,3,L,https://www.football-data.co.uk/mmz4281/0001/SP1.csv,0,0,D
2000-01,2001-01-13,SP1,La Coruna,Valencia,2,0,H,H,2,0,W,https://www.football-data.co.uk/mmz4281/0001/SP1.csv,0,0,D
2000-01,2001-01-21,SP1,Malaga,La Coruna,1,3,A,A,3,1,W,https://www.football-data.co.uk/mmz4281/0001/SP1.csv,1,1,D
2000-01,2001-01-27,SP1,Ath Bilbao,La Coruna,2,2,D,A,2,2,D,https://www.football-data.co.uk/mmz4281/0001/SP1.csv,1,2,A
2000-01,2001-02-04,SP1,La Coruna,Santander,2,1,H,H,2,1,W,https://www.football-data.co.uk/mmz4281/0001/SP1.csv,2,1,H
2000-01,2001-02-10,SP1,La Coruna,Sociedad,4,1,H,H,4,1,W,https://www.football-data.co.uk/mmz4281/0001/SP1.csv,3,0,H
2000-01,2001-02-17,SP1,Barcelona,La Coruna,2,3,A,A,3,2,W,https://www.football-data.co.uk/mmz4281/0001/SP1.csv,2,1,H
2000-01,2001-02-24,SP1,La Coruna,Real Madrid,2,2,D,H,2,2,D,https://www.football-data.co.uk/mmz4281/0001/SP1.csv,0,2,A
2000-01,2001-03-03,SP1,Mallorca,La Coruna,2,1,H,A,1,2,L,https://www.football-data.co.uk/mmz4281/0001/SP1.csv,1,0,H
2000-01,2001-03-10,SP1,La Coruna,Numancia,4,1,H,H,4,1,W,https://www.football-data.co.uk/mmz4281/0001/SP1.csv,0,0,D
2000-01,2001-03-17,SP1,Las Palmas,La Coruna,2,0,H,A,0,2,L,https://www.football-data.co.uk/mmz4281/0001/SP1.csv,2,0,H
2000-01,2001-03-31,SP1,La Coruna,Villarreal,4,2,H,H,4,2,W,https://www.football-data.co.uk/mmz4281/0001/SP1.csv,2,0,H
2000-01,2001-04-08,SP1,Zaragoza,La Coruna,2,1,H,A,1,2,L,https://www.football-data.co.uk/mmz4281/0001/SP1.csv,1,0,H
2000-01,2001-04-14,SP1,La Coruna,Osasuna,2,1,H,H,2,1,W,https://www.football-data.co.uk/mmz4281/0001/SP1.csv,0,1,A
2000-01,2001-04-21,SP1,Celta,La Coruna,2,1,H,A,1,2,L,https://www.football-data.co.uk/mmz4281/0001/SP1.csv,0,0,D
2000-01,2001-04-29,SP1,La Coruna,Espanol,1,0,H,H,1,0,W,https://www.football-data.co.uk/mmz4281/0001/SP1.csv,1,0,H
2000-01,2001-05-06,SP1,Vallecano,La Coruna,1,1,D,A,1,1,D,https://www.football-data.co.uk/mmz4281/0001/SP1.csv,0,0,D
2000-01,2001-05-11,SP1,La Coruna,Alaves,2,1,H,H,2,1,W,https://www.football-data.co.uk/mmz4281/0001/SP1.csv,1,1,D
2000-01,2001-05-20,SP1,Oviedo,La Coruna,2,3,A,A,3,2,W,https://www.football-data.co.uk/mmz4281/0001/SP1.csv,0,2,A
2000-01,2001-05-27,SP1,La Coruna,Valladolid,1,2,A,H,1,2,L,https://www.football-data.co.uk/mmz4281/0001/SP1.csv,0,1,A
2000-01,2001-06-10,SP1,Valencia,La Coruna,0,1,A,A,1,0,W,https://www.football-data.co.uk/mmz4281/0001/SP1.csv,0,0,D
2000-01,2001-06-17,SP1,La Coruna,Malaga,4,0,H,H,4,0,W,https://www.football-data.co.uk/mmz4281/0001/SP1.csv,1,0,H
2001-02,2001-08-26,SP1,La Coruna,Valladolid,4,0,H,H,4,0,W,https://www.football-data.co.uk/mmz4281/0102/SP1.csv,1,0,H
2001-02,2001-09-08,SP1,Las Palmas,La Coruna,0,1,A,A,1,0,W,https://www.football-data.co.uk/mmz4281/0102/SP1.csv,0,0,D
2001-02,2001-09-15,SP1,La Coruna,Ath Bilbao,1,2,A,H,1,2,L,https://www.football-data.co.uk/mmz4281/0102/SP1.csv,0,1,A
2001-02,2001-09-22,SP1,Alaves,La Coruna,2,3,A,A,3,2,W,https://www.football-data.co.uk/mmz4281/0102/SP1.csv,0,1,A
2001-02,2001-09-30,SP1,La Coruna,Celta,2,2,D,H,2,2,D,https://www.football-data.co.uk/mmz4281/0102/SP1.csv,0,1,A
2001-02,2001-10-03,SP1,Villarreal,La Coruna,1,1,D,A,1,1,D,https://www.football-data.co.uk/mmz4281/0102/SP1.csv,1,0,H
2001-02,2001-10-06,SP1,La Coruna,Barcelona,2,1,H,H,2,1,W,https://www.football-data.co.uk/mmz4281/0102/SP1.csv,0,1,A
2001-02,2001-10-13,SP1,Zaragoza,La Coruna,1,2,A,A,2,1,W,https://www.football-data.co.uk/mmz4281/0102/SP1.csv,0,1,A
2001-02,2001-10-20,SP1,La Coruna,Sevilla,1,0,H,H,1,0,W,https://www.football-data.co.uk/mmz4281/0102/SP1.csv,1,0,H
2001-02,2001-10-27,SP1,Vallecano,La Coruna,2,1,H,A,1,2,L,https://www.football-data.co.uk/mmz4281/0102/SP1.csv,0,0,D
2001-02,2001-11-04,SP1,La Coruna,Osasuna,5,1,H,H,5,1,W,https://www.football-data.co.uk/mmz4281/0102/SP1.csv,4,1,H
2001-02,2001-11-11,SP1,Tenerife,La Coruna,3,1,H,A,1,3,L,https://www.football-data.co.uk/mmz4281/0102/SP1.csv,1,1,D
2001-02,2001-11-17,SP1,La Coruna,Sociedad,3,1,H,H,3,1,W,https://www.football-data.co.uk/mmz4281/0102/SP1.csv,1,1,D
2001-02,2001-11-25,SP1,Mallorca,La Coruna,4,1,H,A,1,4,L,https://www.football-data.co.uk/mmz4281/0102/SP1.csv,2,1,H
2001-02,2001-12-01,SP1,Espanol,La Coruna,1,0,H,A,0,1,L,https://www.football-data.co.uk/mmz4281/0102/SP1.csv,0,0,D
2001-02,2001-12-09,SP1,La Coruna,Valencia,1,0,H,H,1,0,W,https://www.football-data.co.uk/mmz4281/0102/SP1.csv,0,0,D
2001-02,2001-12-16,SP1,Malaga,La Coruna,1,1,D,A,1,1,D,https://www.football-data.co.uk/mmz4281/0102/SP1.csv,1,0,H
2001-02,2001-12-22,SP1,La Coruna,Betis,2,0,H,H,2,0,W,https://www.football-data.co.uk/mmz4281/0102/SP1.csv,1,0,H
2001-02,2002-01-05,SP1,Real Madrid,La Coruna,3,1,H,A,1,3,L,https://www.football-data.co.uk/mmz4281/0102/SP1.csv,2,1,H
2001-02,2002-01-13,SP1,Valladolid,La Coruna,3,0,H,A,0,3,L,https://www.football-data.co.uk/mmz4281/0102/SP1.csv,2,0,H
2001-02,2002-01-20,SP1,La Coruna,Las Palmas,1,0,H,H,1,0,W,https://www.football-data.co.uk/mmz4281/0102/SP1.csv,0,0,D
2001-02,2002-01-27,SP1,Ath Bilbao,La Coruna,1,1,D,A,1,1,D,https://www.football-data.co.uk/mmz4281/0102/SP1.csv,0,0,D
2001-02,2002-02-02,SP1,La Coruna,Alaves,0,1,A,H,0,1,L,https://www.football-data.co.uk/mmz4281/0102/SP1.csv,0,1,A
2001-02,2002-02-05,SP1,Celta,La Coruna,0,2,A,A,2,0,W,https://www.football-data.co.uk/mmz4281/0102/SP1.csv,0,1,A
2001-02,2002-02-10,SP1,La Coruna,Villarreal,0,0,D,H,0,0,D,https://www.football-data.co.uk/mmz4281/0102/SP1.csv,0,0,D
2001-02,2002-02-16,SP1,Barcelona,La Coruna,3,2,H,A,2,3,L,https://www.football-data.co.uk/mmz4281/0102/SP1.csv,1,1,D
2001-02,2002-02-23,SP1,La Coruna,Zaragoza,1,0,H,H,1,0,W,https://www.football-data.co.uk/mmz4281/0102/SP1.csv,1,0,H
2001-02,2002-03-02,SP1,Sevilla,La Coruna,0,1,A,A,1,0,W,https://www.football-data.co.uk/mmz4281/0102/SP1.csv,0,0,D
2001-02,2002-03-09,SP1,La Coruna,Vallecano,1,1,D,H,1,1,D,https://www.football-data.co.uk/mmz4281/0102/SP1.csv,1,1,D
2001-02,2002-03-16,SP1,Osasuna,La Coruna,1,3,A,A,3,1,W,https://www.football-data.co.uk/mmz4281/0102/SP1.csv,0,3,A
2001-02,2002-03-24,SP1,La Coruna,Tenerife,3,1,H,H,3,1,W,https://www.football-data.co.uk/mmz4281/0102/SP1.csv,0,1,A
2001-02,2002-03-30,SP1,Sociedad,La Coruna,1,1,D,A,1,1,D,https://www.football-data.co.uk/mmz4281/0102/SP1.csv,1,0,H
2001-02,2002-04-06,SP1,La Coruna,Mallorca,5,0,H,H,5,0,W,https://www.football-data.co.uk/mmz4281/0102/SP1.csv,4,0,H
2001-02,2002-04-14,SP1,La Coruna,Espanol,3,1,H,H,3,1,W,https://www.football-data.co.uk/mmz4281/0102/SP1.csv,3,0,H
2001-02,2002-04-21,SP1,Valencia,La Coruna,1,0,H,A,0,1,L,https://www.football-data.co.uk/mmz4281/0102/SP1.csv,0,0,D
2001-02,2002-04-28,SP1,La Coruna,Malaga,2,2,D,H,2,2,D,https://www.football-data.co.uk/mmz4281/0102/SP1.csv,1,1,D
2001-02,2002-05-05,SP1,Betis,La Coruna,0,3,A,A,3,0,W,https://www.football-data.co.uk/mmz4281/0102/SP1.csv,0,1,A
2001-02,2002-05-10,SP1,La Coruna,Real Madrid,3,0,H,H,3,0,W,https://www.football-data.co.uk/mmz4281/0102/SP1.csv,1,0,H
2002-03,2002-09-01,SP1,La Coruna,Betis,2,4,A,H,2,4,L,https://www.football-data.co.uk/mmz4281/0203/SP1.csv,1,3,A
2002-03,2002-09-14,SP1,Osasuna,La Coruna,1,2,A,A,2,1,W,https://www.football-data.co.uk/mmz4281/0203/SP1.csv,1,0,H
2002-03,2002-09-21,SP1,La Coruna,Valladolid,2,0,H,H,2,0,W,https://www.football-data.co.uk/mmz4281/0203/SP1.csv,2,0,H
2002-03,2002-09-28,SP1,Alaves,La Coruna,1,2,A,A,2,1,W,https://www.football-data.co.uk/mmz4281/0203/SP1.csv,0,0,D
2002-03,2002-10-06,SP1,La Coruna,Santander,0,2,A,H,0,2,L,https://www.football-data.co.uk/mmz4281/0203/SP1.csv,0,1,A
2002-03,2002-10-19,SP1,Villarreal,La Coruna,3,1,H,A,1,3,L,https://www.football-data.co.uk/mmz4281/0203/SP1.csv,0,1,A
2002-03,2002-10-26,SP1,Vallecano,La Coruna,1,2,A,A,2,1,W,https://www.football-data.co.uk/mmz4281/0203/SP1.csv,0,1,A
2002-03,2002-11-02,SP1,La Coruna,Real Madrid,0,0,D,H,0,0,D,https://www.football-data.co.uk/mmz4281/0203/SP1.csv,0,0,D
2002-03,2002-11-09,SP1,Sociedad,La Coruna,1,1,D,A,1,1,D,https://www.football-data.co.uk/mmz4281/0203/SP1.csv,1,1,D
2002-03,2002-11-16,SP1,La Coruna,Barcelona,2,0,H,H,2,0,W,https://www.football-data.co.uk/mmz4281/0203/SP1.csv,0,0,D
2002-03,2002-11-23,SP1,Sevilla,La Coruna,1,1,D,A,1,1,D,https://www.football-data.co.uk/mmz4281/0203/SP1.csv,1,0,H
2002-03,2002-12-01,SP1,La Coruna,Mallorca,2,2,D,H,2,2,D,https://www.football-data.co.uk/mmz4281/0203/SP1.csv,1,2,A
2002-03,2002-12-07,SP1,Recreativo,La Coruna,1,1,D,A,1,1,D,https://www.football-data.co.uk/mmz4281/0203/SP1.csv,1,1,D
2002-03,2002-12-15,SP1,La Coruna,Malaga,1,0,H,H,1,0,W,https://www.football-data.co.uk/mmz4281/0203/SP1.csv,0,0,D
2002-03,2002-12-22,SP1,Valencia,La Coruna,0,1,A,A,1,0,W,https://www.football-data.co.uk/mmz4281/0203/SP1.csv,0,1,A
2002-03,2003-01-04,SP1,La Coruna,Celta,3,0,H,H,3,0,W,https://www.football-data.co.uk/mmz4281/0203/SP1.csv,1,0,H
2002-03,2003-01-12,SP1,Ath Madrid,La Coruna,3,1,H,A,1,3,L,https://www.football-data.co.uk/mmz4281/0203/SP1.csv,1,1,D
2002-03,2003-01-19,SP1,La Coruna,Ath Bilbao,2,1,H,H,2,1,W,https://www.football-data.co.uk/mmz4281/0203/SP1.csv,0,0,D
2002-03,2003-01-26,SP1,Espanol,La Coruna,3,1,H,A,1,3,L,https://www.football-data.co.uk/mmz4281/0203/SP1.csv,3,1,H
2002-03,2003-02-02,SP1,Betis,La Coruna,0,2,A,A,2,0,W,https://www.football-data.co.uk/mmz4281/0203/SP1.csv,0,0,D
2002-03,2003-02-09,SP1,La Coruna,Osasuna,1,1,D,H,1,1,D,https://www.football-data.co.uk/mmz4281/0203/SP1.csv,0,0,D
2002-03,2003-02-15,SP1,Valladolid,La Coruna,0,1,A,A,1,0,W,https://www.football-data.co.uk/mmz4281/0203/SP1.csv,0,0,D
2002-03,2003-02-22,SP1,La Coruna,Alaves,6,0,H,H,6,0,W,https://www.football-data.co.uk/mmz4281/0203/SP1.csv,3,0,H
2002-03,2003-03-02,SP1,Santander,La Coruna,1,2,A,A,2,1,W,https://www.football-data.co.uk/mmz4281/0203/SP1.csv,0,1,A
2002-03,2003-03-08,SP1,La Coruna,Villarreal,2,1,H,H,2,1,W,https://www.football-data.co.uk/mmz4281/0203/SP1.csv,2,1,H
2002-03,2003-03-15,SP1,La Coruna,Vallecano,2,0,H,H,2,0,W,https://www.football-data.co.uk/mmz4281/0203/SP1.csv,1,0,H
2002-03,2003-03-23,SP1,Real Madrid,La Coruna,2,0,H,A,0,2,L,https://www.football-data.co.uk/mmz4281/0203/SP1.csv,1,0,H
2002-03,2003-04-06,SP1,La Coruna,Sociedad,2,1,H,H,2,1,W,https://www.football-data.co.uk/mmz4281/0203/SP1.csv,1,1,D
2002-03,2003-04-12,SP1,Barcelona,La Coruna,2,4,A,A,4,2,W,https://www.football-data.co.uk/mmz4281/0203/SP1.csv,2,1,H
2002-03,2003-04-20,SP1,La Coruna,Sevilla,3,1,H,H,3,1,W,https://www.football-data.co.uk/mmz4281/0203/SP1.csv,2,0,H
2002-03,2003-04-27,SP1,Mallorca,La Coruna,3,0,H,A,0,3,L,https://www.football-data.co.uk/mmz4281/0203/SP1.csv,2,0,H
2002-03,2003-05-04,SP1,La Coruna,Recreativo,5,0,H,H,5,0,W,https://www.football-data.co.uk/mmz4281/0203/SP1.csv,4,0,H
2002-03,2003-05-10,SP1,Malaga,La Coruna,0,2,A,A,2,0,W,https://www.football-data.co.uk/mmz4281/0203/SP1.csv,0,1,A
2002-03,2003-05-17,SP1,La Coruna,Valencia,1,2,A,H,1,2,L,https://www.football-data.co.uk/mmz4281/0203/SP1.csv,0,1,A
2002-03,2003-05-24,SP1,Celta,La Coruna,3,0,H,A,0,3,L,https://www.football-data.co.uk/mmz4281/0203/SP1.csv,0,0,D
2002-03,2003-06-01,SP1,La Coruna,Ath Madrid,3,2,H,H,3,2,W,https://www.football-data.co.uk/mmz4281/0203/SP1.csv,1,1,D
2002-03,2003-06-15,SP1,Ath Bilbao,La Coruna,3,2,H,A,2,3,L,https://www.football-data.co.uk/mmz4281/0203/SP1.csv,2,0,H
2002-03,2003-06-21,SP1,La Coruna,Espanol,2,1,H,H,2,1,W,https://www.football-data.co.uk/mmz4281/0203/SP1.csv,0,1,A
2003-04,2003-08-31,SP1,Zaragoza,La Coruna,0,1,A,A,1,0,W,https://www.football-data.co.uk/mmz4281/0304/SP1.csv,0,0,D
2003-04,2003-09-03,SP1,La Coruna,Ath Bilbao,2,0,H,H,2,0,W,https://www.football-data.co.uk/mmz4281/0304/SP1.csv,1,0,H
2003-04,2003-09-13,SP1,Sevilla,La Coruna,1,2,A,A,2,1,W,https://www.football-data.co.uk/mmz4281/0304/SP1.csv,0,1,A
2003-04,2003-09-21,SP1,La Coruna,Albacete,3,0,H,H,3,0,W,https://www.football-data.co.uk/mmz4281/0304/SP1.csv,0,0,D
2003-04,2003-09-27,SP1,Osasuna,La Coruna,3,2,H,A,2,3,L,https://www.football-data.co.uk/mmz4281/0304/SP1.csv,3,1,H
2003-04,2003-10-04,SP1,La Coruna,Ath Madrid,5,1,H,H,5,1,W,https://www.football-data.co.uk/mmz4281/0304/SP1.csv,2,1,H
2003-04,2003-10-18,SP1,Barcelona,La Coruna,0,2,A,A,2,0,W,https://www.football-data.co.uk/mmz4281/0304/SP1.csv,0,1,A
2003-04,2003-10-25,SP1,La Coruna,Valencia,2,1,H,H,2,1,W,https://www.football-data.co.uk/mmz4281/0304/SP1.csv,1,0,H
2003-04,2003-10-29,SP1,La Coruna,Mallorca,0,2,A,H,0,2,L,https://www.football-data.co.uk/mmz4281/0304/SP1.csv,0,0,D
2003-04,2003-11-01,SP1,Murcia,La Coruna,0,0,D,A,0,0,D,https://www.football-data.co.uk/mmz4281/0304/SP1.csv,0,0,D
2003-04,2003-11-08,SP1,La Coruna,Sociedad,2,1,H,H,2,1,W,https://www.football-data.co.uk/mmz4281/0304/SP1.csv,0,1,A
2003-04,2003-11-22,SP1,Betis,La Coruna,0,0,D,A,0,0,D,https://www.football-data.co.uk/mmz4281/0304/SP1.csv,0,0,D
2003-04,2003-11-30,SP1,La Coruna,Villarreal,0,1,A,H,0,1,L,https://www.football-data.co.uk/mmz4281/0304/SP1.csv,0,0,D
2003-04,2003-12-03,SP1,Valladolid,La Coruna,1,1,D,A,1,1,D,https://www.football-data.co.uk/mmz4281/0304/SP1.csv,0,0,D
2003-04,2003-12-06,SP1,La Coruna,Malaga,1,0,H,H,1,0,W,https://www.football-data.co.uk/mmz4281/0304/SP1.csv,0,0,D
2003-04,2003-12-14,SP1,Real Madrid,La Coruna,2,1,H,A,1,2,L,https://www.football-data.co.uk/mmz4281/0304/SP1.csv,1,0,H
2003-04,2003-12-21,SP1,La Coruna,Espanol,2,1,H,H,2,1,W,https://www.football-data.co.uk/mmz4281/0304/SP1.csv,1,1,D
2003-04,2004-01-03,SP1,Celta,La Coruna,0,5,A,A,5,0,W,https://www.football-data.co.uk/mmz4281/0304/SP1.csv,0,2,A
2003-04,2004-01-11,SP1,La Coruna,Santander,1,1,D,H,1,1,D,https://www.football-data.co.uk/mmz4281/0304/SP1.csv,1,0,H
2003-04,2004-01-18,SP1,La Coruna,Zaragoza,4,1,H,H,4,1,W,https://www.football-data.co.uk/mmz4281/0304/SP1.csv,1,1,D
2003-04,2004-01-25,SP1,Ath Bilbao,La Coruna,1,0,H,A,0,1,L,https://www.football-data.co.uk/mmz4281/0304/SP1.csv,0,0,D
2003-04,2004-02-01,SP1,La Coruna,Sevilla,1,0,H,H,1,0,W,https://www.football-data.co.uk/mmz4281/0304/SP1.csv,1,0,H
2003-04,2004-02-08,SP1,Albacete,La Coruna,0,2,A,A,2,0,W,https://www.football-data.co.uk/mmz4281/0304/SP1.csv,0,0,D
2003-04,2004-02-15,SP1,La Coruna,Osasuna,2,0,H,H,2,0,W,https://www.football-data.co.uk/mmz4281/0304/SP1.csv,2,0,H
2003-04,2004-02-21,SP1,Ath Madrid,La Coruna,0,0,D,A,0,0,D,https://www.football-data.co.uk/mmz4281/0304/SP1.csv,0,0,D
2003-04,2004-02-29,SP1,La Coruna,Barcelona,2,3,A,H,2,3,L,https://www.football-data.co.uk/mmz4281/0304/SP1.csv,0,2,A
2003-04,2004-03-06,SP1,Valencia,La Coruna,3,0,H,A,0,3,L,https://www.football-data.co.uk/mmz4281/0304/SP1.csv,1,0,H
2003-04,2004-03-14,SP1,Mallorca,La Coruna,4,2,H,A,2,4,L,https://www.football-data.co.uk/mmz4281/0304/SP1.csv,2,1,H
2003-04,2004-03-20,SP1,La Coruna,Murcia,1,0,H,H,1,0,W,https://www.football-data.co.uk/mmz4281/0304/SP1.csv,1,0,H
2003-04,2004-03-27,SP1,Sociedad,La Coruna,1,2,A,A,2,1,W,https://www.football-data.co.uk/mmz4281/0304/SP1.csv,1,1,D
2003-04,2004-04-04,SP1,La Coruna,Betis,2,2,D,H,2,2,D,https://www.football-data.co.uk/mmz4281/0304/SP1.csv,2,1,H
2003-04,2004-04-11,SP1,Villarreal,La Coruna,0,2,A,A,2,0,W,https://www.football-data.co.uk/mmz4281/0304/SP1.csv,0,1,A
2003-04,2004-04-17,SP1,La Coruna,Valladolid,1,1,D,H,1,1,D,https://www.football-data.co.uk/mmz4281/0304/SP1.csv,0,1,A
2003-04,2004-04-24,SP1,Malaga,La Coruna,1,1,D,A,1,1,D,https://www.football-data.co.uk/mmz4281/0304/SP1.csv,1,1,D
2003-04,2004-05-01,SP1,La Coruna,Real Madrid,2,0,H,H,2,0,W,https://www.football-data.co.uk/mmz4281/0304/SP1.csv,1,0,H
2003-04,2004-05-09,SP1,Espanol,La Coruna,2,0,H,A,0,2,L,https://www.football-data.co.uk/mmz4281/0304/SP1.csv,1,0,H
2003-04,2004-05-15,SP1,La Coruna,Celta,3,0,H,H,3,0,W,https://www.football-data.co.uk/mmz4281/0304/SP1.csv,3,0,H
2003-04,2004-05-23,SP1,Santander,La Coruna,0,1,A,A,1,0,W,https://www.football-data.co.uk/mmz4281/0304/SP1.csv,0,1,A
2004-05,2004-08-28,SP1,Espanol,La Coruna,1,1,D,A,1,1,D,https://www.football-data.co.uk/mmz4281/0405/SP1.csv,1,0,H
2004-05,2004-09-12,SP1,La Coruna,Osasuna,1,3,A,H,1,3,L,https://www.football-data.co.uk/mmz4281/0405/SP1.csv,1,0,H
2004-05,2004-09-19,SP1,Ath Bilbao,La Coruna,1,2,A,A,2,1,W,https://www.football-data.co.uk/mmz4281/0405/SP1.csv,0,0,D
2004-05,2004-09-22,SP1,La Coruna,Valencia,1,5,A,H,1,5,L,https://www.football-data.co.uk/mmz4281/0405/SP1.csv,0,4,A
2004-05,2004-09-25,SP1,La Coruna,Betis,1,1,D,H,1,1,D,https://www.football-data.co.uk/mmz4281/0405/SP1.csv,0,0,D
2004-05,2004-10-03,SP1,Real Madrid,La Coruna,0,1,A,A,1,0,W,https://www.football-data.co.uk/mmz4281/0405/SP1.csv,0,1,A
2004-05,2004-10-16,SP1,La Coruna,Getafe,2,1,H,H,2,1,W,https://www.football-data.co.uk/mmz4281/0405/SP1.csv,1,0,H
2004-05,2004-10-23,SP1,Malaga,La Coruna,1,1,D,A,1,1,D,https://www.football-data.co.uk/mmz4281/0405/SP1.csv,1,0,H
2004-05,2004-10-31,SP1,La Coruna,Albacete,0,0,D,H,0,0,D,https://www.football-data.co.uk/mmz4281/0405/SP1.csv,0,0,D
2004-05,2004-11-06,SP1,Barcelona,La Coruna,2,1,H,A,1,2,L,https://www.football-data.co.uk/mmz4281/0405/SP1.csv,2,1,H
2004-05,2004-11-13,SP1,La Coruna,Levante,1,0,H,H,1,0,W,https://www.football-data.co.uk/mmz4281/0405/SP1.csv,0,0,D
2004-05,2004-11-20,SP1,Villarreal,La Coruna,0,2,A,A,2,0,W,https://www.football-data.co.uk/mmz4281/0405/SP1.csv,0,1,A
2004-05,2004-11-28,SP1,La Coruna,Sociedad,2,2,D,H,2,2,D,https://www.football-data.co.uk/mmz4281/0405/SP1.csv,2,1,H
2004-05,2004-12-05,SP1,Santander,La Coruna,2,2,D,A,2,2,D,https://www.football-data.co.uk/mmz4281/0405/SP1.csv,1,0,H
2004-05,2004-12-12,SP1,La Coruna,Sevilla,2,2,D,H,2,2,D,https://www.football-data.co.uk/mmz4281/0405/SP1.csv,0,1,A
2004-05,2004-12-19,SP1,Ath Madrid,La Coruna,1,0,H,A,0,1,L,https://www.football-data.co.uk/mmz4281/0405/SP1.csv,1,0,H
2004-05,2004-12-22,SP1,La Coruna,Zaragoza,2,3,A,H,2,3,L,https://www.football-data.co.uk/mmz4281/0405/SP1.csv,0,1,A
2004-05,2005-01-09,SP1,Mallorca,La Coruna,2,2,D,A,2,2,D,https://www.football-data.co.uk/mmz4281/0405/SP1.csv,0,0,D
2004-05,2005-01-16,SP1,La Coruna,Numancia,1,1,D,H,1,1,D,https://www.football-data.co.uk/mmz4281/0405/SP1.csv,0,0,D
2004-05,2005-01-23,SP1,La Coruna,Espanol,4,1,H,H,4,1,W,https://www.football-data.co.uk/mmz4281/0405/SP1.csv,2,1,H
2004-05,2005-01-30,SP1,Osasuna,La Coruna,1,1,D,A,1,1,D,https://www.football-data.co.uk/mmz4281/0405/SP1.csv,0,0,D
2004-05,2005-02-06,SP1,La Coruna,Ath Bilbao,1,1,D,H,1,1,D,https://www.football-data.co.uk/mmz4281/0405/SP1.csv,0,0,D
2004-05,2005-02-12,SP1,Valencia,La Coruna,1,2,A,A,2,1,W,https://www.football-data.co.uk/mmz4281/0405/SP1.csv,0,1,A
2004-05,2005-02-20,SP1,Betis,La Coruna,2,0,H,A,0,2,L,https://www.football-data.co.uk/mmz4281/0405/SP1.csv,1,0,H
2004-05,2005-02-26,SP1,La Coruna,Real Madrid,2,0,H,H,2,0,W,https://www.football-data.co.uk/mmz4281/0405/SP1.csv,2,0,H
2004-05,2005-03-02,SP1,Getafe,La Coruna,1,1,D,A,1,1,D,https://www.football-data.co.uk/mmz4281/0405/SP1.csv,0,1,A
2004-05,2005-03-06,SP1,La Coruna,Malaga,1,0,H,H,1,0,W,https://www.football-data.co.uk/mmz4281/0405/SP1.csv,1,0,H
2004-05,2005-03-13,SP1,Albacete,La Coruna,0,1,A,A,1,0,W,https://www.football-data.co.uk/mmz4281/0405/SP1.csv,0,1,A
2004-05,2005-03-19,SP1,La Coruna,Barcelona,0,1,A,H,0,1,L,https://www.football-data.co.uk/mmz4281/0405/SP1.csv,0,1,A
2004-05,2005-04-03,SP1,Levante,La Coruna,0,1,A,A,1,0,W,https://www.football-data.co.uk/mmz4281/0405/SP1.csv,0,1,A
2004-05,2005-04-10,SP1,La Coruna,Villarreal,1,1,D,H,1,1,D,https://www.football-data.co.uk/mmz4281/0405/SP1.csv,0,0,D
2004-05,2005-04-16,SP1,Sociedad,La Coruna,1,0,H,A,0,1,L,https://www.football-data.co.uk/mmz4281/0405/SP1.csv,1,0,H
2004-05,2005-04-24,SP1,La Coruna,Santander,1,4,A,H,1,4,L,https://www.football-data.co.uk/mmz4281/0405/SP1.csv,1,0,H
2004-05,2005-05-01,SP1,Sevilla,La Coruna,2,0,H,A,0,2,L,https://www.football-data.co.uk/mmz4281/0405/SP1.csv,2,0,H
2004-05,2005-05-08,SP1,La Coruna,Ath Madrid,2,0,H,H,2,0,W,https://www.football-data.co.uk/mmz4281/0405/SP1.csv,0,0,D
2004-05,2005-05-15,SP1,Zaragoza,La Coruna,2,2,D,A,2,2,D,https://www.football-data.co.uk/mmz4281/0405/SP1.csv,0,2,A
2004-05,2005-05-22,SP1,La Coruna,Mallorca,0,3,A,H,0,3,L,https://www.football-data.co.uk/mmz4281/0405/SP1.csv,0,2,A
2004-05,2005-05-29,SP1,Numancia,La Coruna,1,1,D,A,1,1,D,https://www.football-data.co.uk/mmz4281/0405/SP1.csv,0,0,D
2005-06,2005-08-28,SP1,Mallorca,La Coruna,0,1,A,A,1,0,W,https://www.football-data.co.uk/mmz4281/0506/SP1.csv,0,1,A
2005-06,2005-09-10,SP1,La Coruna,Ath Madrid,1,0,H,H,1,0,W,https://www.football-data.co.uk/mmz4281/0506/SP1.csv,0,0,D
2005-06,2005-09-17,SP1,Valencia,La Coruna,2,2,D,A,2,2,D,https://www.football-data.co.uk/mmz4281/0506/SP1.csv,0,1,A
2005-06,2005-09-21,SP1,La Coruna,Betis,1,1,D,H,1,1,D,https://www.football-data.co.uk/mmz4281/0506/SP1.csv,1,1,D
2005-06,2005-09-24,SP1,Zaragoza,La Coruna,1,1,D,A,1,1,D,https://www.football-data.co.uk/mmz4281/0506/SP1.csv,1,1,D
2005-06,2005-10-02,SP1,La Coruna,Osasuna,0,1,A,H,0,1,L,https://www.football-data.co.uk/mmz4281/0506/SP1.csv,0,1,A
2005-06,2005-10-15,SP1,La Coruna,Barcelona,3,3,D,H,3,3,D,https://www.football-data.co.uk/mmz4281/0506/SP1.csv,1,2,A
2005-06,2005-10-23,SP1,Sociedad,La Coruna,2,0,H,A,0,2,L,https://www.football-data.co.uk/mmz4281/0506/SP1.csv,0,0,D
2005-06,2005-10-26,SP1,La Coruna,Real Madrid,3,1,H,H,3,1,W,https://www.football-data.co.uk/mmz4281/0506/SP1.csv,2,0,H
2005-06,2005-10-30,SP1,La Coruna,Getafe,1,0,H,H,1,0,W,https://www.football-data.co.uk/mmz4281/0506/SP1.csv,1,0,H
2005-06,2005-11-06,SP1,Malaga,La Coruna,1,1,D,A,1,1,D,https://www.football-data.co.uk/mmz4281/0506/SP1.csv,0,0,D
2005-06,2005-11-20,SP1,Santander,La Coruna,0,3,A,A,3,0,W,https://www.football-data.co.uk/mmz4281/0506/SP1.csv,0,1,A
2005-06,2005-11-27,SP1,La Coruna,Villarreal,0,2,A,H,0,2,L,https://www.football-data.co.uk/mmz4281/0506/SP1.csv,0,0,D
2005-06,2005-12-04,SP1,Sevilla,La Coruna,0,2,A,A,2,0,W,https://www.football-data.co.uk/mmz4281/0506/SP1.csv,0,2,A
2005-06,2005-12-11,SP1,La Coruna,Cadiz,1,0,H,H,1,0,W,https://www.football-data.co.uk/mmz4281/0506/SP1.csv,0,0,D
2005-06,2005-12-17,SP1,Celta,La Coruna,0,3,A,A,3,0,W,https://www.football-data.co.uk/mmz4281/0506/SP1.csv,0,3,A
2005-06,2005-12-21,SP1,La Coruna,Espanol,1,2,A,H,1,2,L,https://www.football-data.co.uk/mmz4281/0506/SP1.csv,0,0,D
2005-06,2006-01-07,SP1,Ath Bilbao,La Coruna,1,2,A,A,2,1,W,https://www.football-data.co.uk/mmz4281/0506/SP1.csv,0,1,A
2005-06,2006-01-15,SP1,La Coruna,Alaves,0,2,A,H,0,2,L,https://www.football-data.co.uk/mmz4281/0506/SP1.csv,0,1,A
2005-06,2006-01-22,SP1,La Coruna,Mallorca,2,2,D,H,2,2,D,https://www.football-data.co.uk/mmz4281/0506/SP1.csv,2,0,H
2005-06,2006-01-28,SP1,Ath Madrid,La Coruna,3,2,H,A,2,3,L,https://www.football-data.co.uk/mmz4281/0506/SP1.csv,1,0,H
2005-06,2006-02-04,SP1,La Coruna,Valencia,0,1,A,H,0,1,L,https://www.football-data.co.uk/mmz4281/0506/SP1.csv,0,1,A
2005-06,2006-02-12,SP1,Betis,La Coruna,0,1,A,A,1,0,W,https://www.football-data.co.uk/mmz4281/0506/SP1.csv,0,0,D
2005-06,2006-02-19,SP1,La Coruna,Zaragoza,1,1,D,H,1,1,D,https://www.football-data.co.uk/mmz4281/0506/SP1.csv,0,1,A
2005-06,2006-02-26,SP1,Osasuna,La Coruna,1,2,A,A,2,1,W,https://www.football-data.co.uk/mmz4281/0506/SP1.csv,1,0,H
2005-06,2006-03-04,SP1,Barcelona,La Coruna,3,2,H,A,2,3,L,https://www.football-data.co.uk/mmz4281/0506/SP1.csv,2,2,D
2005-06,2006-03-11,SP1,La Coruna,Sociedad,0,1,A,H,0,1,L,https://www.football-data.co.uk/mmz4281/0506/SP1.csv,0,0,D
2005-06,2006-03-18,SP1,Getafe,La Coruna,1,2,A,A,2,1,W,https://www.football-data.co.uk/mmz4281/0506/SP1.csv,0,1,A
2005-06,2006-03-22,SP1,La Coruna,Malaga,2,1,H,H,2,1,W,https://www.football-data.co.uk/mmz4281/0506/SP1.csv,0,1,A
2005-06,2006-03-26,SP1,Real Madrid,La Coruna,4,0,H,A,0,4,L,https://www.football-data.co.uk/mmz4281/0506/SP1.csv,2,0,H
2005-06,2006-04-02,SP1,La Coruna,Santander,2,0,H,H,2,0,W,https://www.football-data.co.uk/mmz4281/0506/SP1.csv,1,0,H
2005-06,2006-04-09,SP1,Villarreal,La Coruna,1,1,D,A,1,1,D,https://www.football-data.co.uk/mmz4281/0506/SP1.csv,0,0,D
2005-06,2006-04-15,SP1,La Coruna,Sevilla,0,0,D,H,0,0,D,https://www.football-data.co.uk/mmz4281/0506/SP1.csv,0,0,D
2005-06,2006-04-23,SP1,Cadiz,La Coruna,1,1,D,A,1,1,D,https://www.football-data.co.uk/mmz4281/0506/SP1.csv,0,1,A
2005-06,2006-04-29,SP1,La Coruna,Celta,0,2,A,H,0,2,L,https://www.football-data.co.uk/mmz4281/0506/SP1.csv,0,1,A
2005-06,2006-05-03,SP1,Espanol,La Coruna,1,2,A,A,2,1,W,https://www.football-data.co.uk/mmz4281/0506/SP1.csv,1,0,H
2005-06,2006-05-07,SP1,La Coruna,Ath Bilbao,1,2,A,H,1,2,L,https://www.football-data.co.uk/mmz4281/0506/SP1.csv,1,0,H
2005-06,2006-05-13,SP1,Alaves,La Coruna,1,0,H,A,0,1,L,https://www.football-data.co.uk/mmz4281/0506/SP1.csv,0,0,D
2006-07,2006-08-27,SP1,La Coruna,Zaragoza,3,2,H,H,3,2,W,https://www.football-data.co.uk/mmz4281/0607/SP1.csv,2,1,H
2006-07,2006-09-10,SP1,Mallorca,La Coruna,0,0,D,A,0,0,D,https://www.football-data.co.uk/mmz4281/0607/SP1.csv,0,0,D
2006-07,2006-09-16,SP1,La Coruna,Villarreal,2,0,H,H,2,0,W,https://www.football-data.co.uk/mmz4281/0607/SP1.csv,1,0,H
2006-07,2006-09-24,SP1,Levante,La Coruna,2,0,H,A,0,2,L,https://www.football-data.co.uk/mmz4281/0607/SP1.csv,1,0,H
2006-07,2006-10-01,SP1,La Coruna,Sociedad,2,0,H,H,2,0,W,https://www.football-data.co.uk/mmz4281/0607/SP1.csv,0,0,D
2006-07,2006-10-15,SP1,Betis,La Coruna,1,1,D,A,1,1,D,https://www.football-data.co.uk/mmz4281/0607/SP1.csv,0,0,D
2006-07,2006-10-21,SP1,La Coruna,Ath Madrid,1,0,H,H,1,0,W,https://www.football-data.co.uk/mmz4281/0607/SP1.csv,0,0,D
2006-07,2006-10-29,SP1,Getafe,La Coruna,2,0,H,A,0,2,L,https://www.football-data.co.uk/mmz4281/0607/SP1.csv,1,0,H
2006-07,2006-11-04,SP1,La Coruna,Barcelona,1,1,D,H,1,1,D,https://www.football-data.co.uk/mmz4281/0607/SP1.csv,0,1,A
2006-07,2006-11-12,SP1,Gimnastic,La Coruna,0,0,D,A,0,0,D,https://www.football-data.co.uk/mmz4281/0607/SP1.csv,0,0,D
2006-07,2006-11-19,SP1,La Coruna,Celta,0,1,A,H,0,1,L,https://www.football-data.co.uk/mmz4281/0607/SP1.csv,0,0,D
2006-07,2006-11-26,SP1,Osasuna,La Coruna,4,1,H,A,1,4,L,https://www.football-data.co.uk/mmz4281/0607/SP1.csv,2,1,H
2006-07,2006-12-03,SP1,La Coruna,Santander,0,0,D,H,0,0,D,https://www.football-data.co.uk/mmz4281/0607/SP1.csv,0,0,D
2006-07,2006-12-10,SP1,Valencia,La Coruna,4,0,H,A,0,4,L,https://www.football-data.co.uk/mmz4281/0607/SP1.csv,2,0,H
2006-07,2006-12-16,SP1,La Coruna,Ath Bilbao,0,2,A,H,0,2,L,https://www.football-data.co.uk/mmz4281/0607/SP1.csv,0,1,A
2006-07,2006-12-20,SP1,Sevilla,La Coruna,4,0,H,A,0,4,L,https://www.football-data.co.uk/mmz4281/0607/SP1.csv,1,0,H
2006-07,2007-01-07,SP1,La Coruna,Real Madrid,2,0,H,H,2,0,W,https://www.football-data.co.uk/mmz4281/0607/SP1.csv,1,0,H
2006-07,2007-01-14,SP1,Recreativo,La Coruna,1,1,D,A,1,1,D,https://www.football-data.co.uk/mmz4281/0607/SP1.csv,1,1,D
2006-07,2007-01-21,SP1,La Coruna,Espanol,0,0,D,H,0,0,D,https://www.football-data.co.uk/mmz4281/0607/SP1.csv,0,0,D
2006-07,2007-01-28,SP1,Zaragoza,La Coruna,1,1,D,A,1,1,D,https://www.football-data.co.uk/mmz4281/0607/SP1.csv,0,1,A
2006-07,2007-02-03,SP1,La Coruna,Mallorca,1,0,H,H,1,0,W,https://www.football-data.co.uk/mmz4281/0607/SP1.csv,1,0,H
2006-07,2007-02-11,SP1,Villarreal,La Coruna,0,2,A,A,2,0,W,https://www.football-data.co.uk/mmz4281/0607/SP1.csv,0,1,A
2006-07,2007-02-18,SP1,La Coruna,Levante,0,0,D,H,0,0,D,https://www.football-data.co.uk/mmz4281/0607/SP1.csv,0,0,D
2006-07,2007-02-24,SP1,Sociedad,La Coruna,0,1,A,A,1,0,W,https://www.football-data.co.uk/mmz4281/0607/SP1.csv,0,1,A
2006-07,2007-03-04,SP1,La Coruna,Betis,0,1,A,H,0,1,L,https://www.football-data.co.uk/mmz4281/0607/SP1.csv,0,0,D
2006-07,2007-03-11,SP1,Ath Madrid,La Coruna,2,0,H,A,0,2,L,https://www.football-data.co.uk/mmz4281/0607/SP1.csv,1,0,H
2006-07,2007-03-18,SP1,La Coruna,Getafe,1,0,H,H,1,0,W,https://www.football-data.co.uk/mmz4281/0607/SP1.csv,0,0,D
2006-07,2007-03-31,SP1,Barcelona,La Coruna,2,1,H,A,1,2,L,https://www.football-data.co.uk/mmz4281/0607/SP1.csv,1,0,H
2006-07,2007-04-08,SP1,La Coruna,Gimnastic,1,0,H,H,1,0,W,https://www.football-data.co.uk/mmz4281/0607/SP1.csv,0,0,D
2006-07,2007-04-15,SP1,Celta,La Coruna,1,0,H,A,0,1,L,https://www.football-data.co.uk/mmz4281/0607/SP1.csv,0,0,D
2006-07,2007-04-22,SP1,La Coruna,Osasuna,1,0,H,H,1,0,W,https://www.football-data.co.uk/mmz4281/0607/SP1.csv,0,0,D
2006-07,2007-04-29,SP1,Santander,La Coruna,0,0,D,A,0,0,D,https://www.football-data.co.uk/mmz4281/0607/SP1.csv,0,0,D
2006-07,2007-05-05,SP1,La Coruna,Valencia,1,2,A,H,1,2,L,https://www.football-data.co.uk/mmz4281/0607/SP1.csv,0,1,A
2006-07,2007-05-13,SP1,Ath Bilbao,La Coruna,1,1,D,A,1,1,D,https://www.football-data.co.uk/mmz4281/0607/SP1.csv,0,0,D
2006-07,2007-05-20,SP1,La Coruna,Sevilla,1,2,A,H,1,2,L,https://www.football-data.co.uk/mmz4281/0607/SP1.csv,0,0,D
2006-07,2007-05-26,SP1,Real Madrid,La Coruna,3,1,H,A,1,3,L,https://www.football-data.co.uk/mmz4281/0607/SP1.csv,1,0,H
2006-07,2007-06-10,SP1,La Coruna,Recreativo,2,5,A,H,2,5,L,https://www.football-data.co.uk/mmz4281/0607/SP1.csv,0,2,A
2006-07,2007-06-17,SP1,Espanol,La Coruna,1,3,A,A,3,1,W,https://www.football-data.co.uk/mmz4281/0607/SP1.csv,0,0,D
2007-08,2007-08-26,SP1,La Coruna,Almeria,0,3,A,H,0,3,L,https://www.football-data.co.uk/mmz4281/0708/SP1.csv,0,2,A
2007-08,2007-09-02,SP1,Valladolid,La Coruna,2,2,D,A,2,2,D,https://www.football-data.co.uk/mmz4281/0708/SP1.csv,1,0,H
2007-08,2007-09-16,SP1,La Coruna,Betis,1,0,H,H,1,0,W,https://www.football-data.co.uk/mmz4281/0708/SP1.csv,1,0,H
2007-08,2007-09-23,SP1,Getafe,La Coruna,0,0,D,A,0,0,D,https://www.football-data.co.uk/mmz4281/0708/SP1.csv,0,0,D
2007-08,2007-09-26,SP1,La Coruna,Recreativo,0,2,A,H,0,2,L,https://www.football-data.co.uk/mmz4281/0708/SP1.csv,0,1,A
2007-08,2007-09-30,SP1,Espanol,La Coruna,1,0,H,A,0,1,L,https://www.football-data.co.uk/mmz4281/0708/SP1.csv,1,0,H
2007-08,2007-10-07,SP1,Sevilla,La Coruna,0,1,A,A,1,0,W,https://www.football-data.co.uk/mmz4281/0708/SP1.csv,0,0,D
2007-08,2007-10-20,SP1,La Coruna,Valencia,2,4,A,H,2,4,L,https://www.football-data.co.uk/mmz4281/0708/SP1.csv,1,3,A
2007-08,2007-10-27,SP1,Real Madrid,La Coruna,3,1,H,A,1,3,L,https://www.football-data.co.uk/mmz4281/0708/SP1.csv,1,1,D
2007-08,2007-10-31,SP1,La Coruna,Mallorca,1,1,D,H,1,1,D,https://www.football-data.co.uk/mmz4281/0708/SP1.csv,1,1,D
2007-08,2007-11-04,SP1,Murcia,La Coruna,0,2,A,A,2,0,W,https://www.football-data.co.uk/mmz4281/0708/SP1.csv,0,0,D
2007-08,2007-11-11,SP1,La Coruna,Santander,0,1,A,H,0,1,L,https://www.football-data.co.uk/mmz4281/0708/SP1.csv,0,0,D
2007-08,2007-11-25,SP1,Ath Bilbao,La Coruna,2,2,D,A,2,2,D,https://www.football-data.co.uk/mmz4281/0708/SP1.csv,1,0,H
2007-08,2007-12-02,SP1,La Coruna,Osasuna,1,2,A,H,1,2,L,https://www.football-data.co.uk/mmz4281/0708/SP1.csv,0,0,D
2007-08,2007-12-09,SP1,Barcelona,La Coruna,2,1,H,A,1,2,L,https://www.football-data.co.uk/mmz4281/0708/SP1.csv,1,1,D
2007-08,2007-12-16,SP1,La Coruna,Zaragoza,1,1,D,H,1,1,D,https://www.football-data.co.uk/mmz4281/0708/SP1.csv,0,1,A
2007-08,2007-12-23,SP1,Levante,La Coruna,0,1,A,A,1,0,W,https://www.football-data.co.uk/mmz4281/0708/SP1.csv,0,0,D
2007-08,2008-01-06,SP1,La Coruna,Ath Madrid,0,3,A,H,0,3,L,https://www.football-data.co.uk/mmz4281/0708/SP1.csv,0,1,A
2007-08,2008-01-13,SP1,Villarreal,La Coruna,4,3,H,A,3,4,L,https://www.football-data.co.uk/mmz4281/0708/SP1.csv,1,1,D
2007-08,2008-01-20,SP1,Almeria,La Coruna,1,0,H,A,0,1,L,https://www.football-data.co.uk/mmz4281/0708/SP1.csv,0,0,D
2007-08,2008-01-27,SP1,La Coruna,Valladolid,3,1,H,H,3,1,W,https://www.football-data.co.uk/mmz4281/0708/SP1.csv,1,0,H
2007-08,2008-02-02,SP1,Betis,La Coruna,0,1,A,A,1,0,W,https://www.football-data.co.uk/mmz4281/0708/SP1.csv,0,1,A
2007-08,2008-02-09,SP1,La Coruna,Getafe,1,1,D,H,1,1,D,https://www.football-data.co.uk/mmz4281/0708/SP1.csv,1,0,H
2007-08,2008-02-17,SP1,Recreativo,La Coruna,3,2,H,A,2,3,L,https://www.football-data.co.uk/mmz4281/0708/SP1.csv,0,1,A
2007-08,2008-02-24,SP1,La Coruna,Espanol,2,0,H,H,2,0,W,https://www.football-data.co.uk/mmz4281/0708/SP1.csv,2,0,H
2007-08,2008-03-01,SP1,La Coruna,Sevilla,2,1,H,H,2,1,W,https://www.football-data.co.uk/mmz4281/0708/SP1.csv,1,1,D
2007-08,2008-03-09,SP1,Valencia,La Coruna,2,2,D,A,2,2,D,https://www.football-data.co.uk/mmz4281/0708/SP1.csv,2,2,D
2007-08,2008-03-15,SP1,La Coruna,Real Madrid,1,0,H,H,1,0,W,https://www.football-data.co.uk/mmz4281/0708/SP1.csv,0,0,D
2007-08,2008-03-22,SP1,Mallorca,La Coruna,1,0,H,A,0,1,L,https://www.football-data.co.uk/mmz4281/0708/SP1.csv,1,0,H
2007-08,2008-03-30,SP1,La Coruna,Murcia,3,1,H,H,3,1,W,https://www.football-data.co.uk/mmz4281/0708/SP1.csv,1,1,D
2007-08,2008-04-06,SP1,Santander,La Coruna,1,3,A,A,3,1,W,https://www.football-data.co.uk/mmz4281/0708/SP1.csv,1,3,A
2007-08,2008-04-13,SP1,La Coruna,Ath Bilbao,3,0,H,H,3,0,W,https://www.football-data.co.uk/mmz4281/0708/SP1.csv,1,0,H
2007-08,2008-04-20,SP1,Osasuna,La Coruna,0,1,A,A,1,0,W,https://www.football-data.co.uk/mmz4281/0708/SP1.csv,0,0,D
2007-08,2008-04-26,SP1,La Coruna,Barcelona,2,0,H,H,2,0,W,https://www.football-data.co.uk/mmz4281/0708/SP1.csv,0,0,D
2007-08,2008-05-03,SP1,Zaragoza,La Coruna,1,0,H,A,0,1,L,https://www.football-data.co.uk/mmz4281/0708/SP1.csv,0,0,D
2007-08,2008-05-07,SP1,La Coruna,Levante,1,0,H,H,1,0,W,https://www.football-data.co.uk/mmz4281/0708/SP1.csv,0,0,D
2007-08,2008-05-11,SP1,Ath Madrid,La Coruna,1,0,H,A,0,1,L,https://www.football-data.co.uk/mmz4281/0708/SP1.csv,1,0,H
2007-08,2008-05-18,SP1,La Coruna,Villarreal,0,2,A,H,0,2,L,https://www.football-data.co.uk/mmz4281/0708/SP1.csv,0,1,A
2008-09,2008-08-31,SP1,La Coruna,Real Madrid,2,1,H,H,2,1,W,https://www.football-data.co.uk/mmz4281/0809/SP1.csv,1,0,H
2008-09,2008-09-14,SP1,Villarreal,La Coruna,1,0,H,A,0,1,L,https://www.football-data.co.uk/mmz4281/0809/SP1.csv,1,0,H
2008-09,2008-09-21,SP1,La Coruna,Mallorca,0,0,D,H,0,0,D,https://www.football-data.co.uk/mmz4281/0809/SP1.csv,0,0,D
2008-09,2008-09-24,SP1,Osasuna,La Coruna,0,0,D,A,0,0,D,https://www.football-data.co.uk/mmz4281/0809/SP1.csv,0,0,D
2008-09,2008-09-28,SP1,Valencia,La Coruna,4,2,H,A,2,4,L,https://www.football-data.co.uk/mmz4281/0809/SP1.csv,1,1,D
2008-09,2008-10-05,SP1,La Coruna,Numancia,1,0,H,H,1,0,W,https://www.football-data.co.uk/mmz4281/0809/SP1.csv,1,0,H
2008-09,2008-10-19,SP1,Santander,La Coruna,0,0,D,A,0,0,D,https://www.football-data.co.uk/mmz4281/0809/SP1.csv,0,0,D
2008-09,2008-10-26,SP1,La Coruna,Sp Gijon,0,3,A,H,0,3,L,https://www.football-data.co.uk/mmz4281/0809/SP1.csv,0,2,A
2008-09,2008-11-02,SP1,Betis,La Coruna,0,3,A,A,3,0,W,https://www.football-data.co.uk/mmz4281/0809/SP1.csv,0,0,D
2008-09,2008-11-09,SP1,La Coruna,Espanol,1,0,H,H,1,0,W,https://www.football-data.co.uk/mmz4281/0809/SP1.csv,1,0,H
2008-09,2008-11-16,SP1,Ath Madrid,La Coruna,4,1,H,A,1,4,L,https://www.football-data.co.uk/mmz4281/0809/SP1.csv,1,0,H
2008-09,2008-11-23,SP1,La Coruna,Ath Bilbao,3,1,H,H,3,1,W,https://www.football-data.co.uk/mmz4281/0809/SP1.csv,2,0,H
2008-09,2008-11-30,SP1,Almeria,La Coruna,0,1,A,A,1,0,W,https://www.football-data.co.uk/mmz4281/0809/SP1.csv,0,0,D
2008-09,2008-12-07,SP1,La Coruna,Malaga,2,0,H,H,2,0,W,https://www.football-data.co.uk/mmz4281/0809/SP1.csv,0,0,D
2008-09,2008-12-14,SP1,Valladolid,La Coruna,3,0,H,A,0,3,L,https://www.football-data.co.uk/mmz4281/0809/SP1.csv,2,0,H
2008-09,2008-12-21,SP1,La Coruna,Recreativo,4,1,H,H,4,1,W,https://www.football-data.co.uk/mmz4281/0809/SP1.csv,3,1,H
2008-09,2009-01-04,SP1,Getafe,La Coruna,1,2,A,A,2,1,W,https://www.football-data.co.uk/mmz4281/0809/SP1.csv,1,1,D
2008-09,2009-01-10,SP1,La Coruna,Sevilla,1,3,A,H,1,3,L,https://www.football-data.co.uk/mmz4281/0809/SP1.csv,1,0,H
2008-09,2009-01-17,SP1,Barcelona,La Coruna,5,0,H,A,0,5,L,https://www.football-data.co.uk/mmz4281/0809/SP1.csv,3,0,H
2008-09,2009-01-25,SP1,Real Madrid,La Coruna,1,0,H,A,0,1,L,https://www.football-data.co.uk/mmz4281/0809/SP1.csv,1,0,H
2008-09,2009-02-01,SP1,La Coruna,Villarreal,3,0,H,H,3,0,W,https://www.football-data.co.uk/mmz4281/0809/SP1.csv,1,0,H
2008-09,2009-02-08,SP1,Mallorca,La Coruna,1,1,D,A,1,1,D,https://www.football-data.co.uk/mmz4281/0809/SP1.csv,0,0,D
2008-09,2009-02-14,SP1,La Coruna,Osasuna,0,0,D,H,0,0,D,https://www.football-data.co.uk/mmz4281/0809/SP1.csv,0,0,D
2008-09,2009-02-22,SP1,La Coruna,Valencia,1,1,D,H,1,1,D,https://www.football-data.co.uk/mmz4281/0809/SP1.csv,0,1,A
2008-09,2009-03-01,SP1,Numancia,La Coruna,0,1,A,A,1,0,W,https://www.football-data.co.uk/mmz4281/0809/SP1.csv,0,0,D
2008-09,2009-03-08,SP1,La Coruna,Santander,5,3,H,H,5,3,W,https://www.football-data.co.uk/mmz4281/0809/SP1.csv,1,2,A
2008-09,2009-03-15,SP1,Sp Gijon,La Coruna,3,2,H,A,2,3,L,https://www.football-data.co.uk/mmz4281/0809/SP1.csv,0,0,D
2008-09,2009-03-22,SP1,La Coruna,Betis,1,1,D,H,1,1,D,https://www.football-data.co.uk/mmz4281/0809/SP1.csv,1,1,D
2008-09,2009-04-05,SP1,Espanol,La Coruna,3,1,H,A,1,3,L,https://www.football-data.co.uk/mmz4281/0809/SP1.csv,2,1,H
2008-09,2009-04-12,SP1,La Coruna,Ath Madrid,1,2,A,H,1,2,L,https://www.football-data.co.uk/mmz4281/0809/SP1.csv,0,1,A
2008-09,2009-04-18,SP1,Ath Bilbao,La Coruna,0,1,A,A,1,0,W,https://www.football-data.co.uk/mmz4281/0809/SP1.csv,0,0,D
2008-09,2009-04-22,SP1,La Coruna,Almeria,2,0,H,H,2,0,W,https://www.football-data.co.uk/mmz4281/0809/SP1.csv,0,0,D
2008-09,2009-04-25,SP1,Malaga,La Coruna,1,1,D,A,1,1,D,https://www.football-data.co.uk/mmz4281/0809/SP1.csv,1,0,H
2008-09,2009-05-03,SP1,La Coruna,Valladolid,1,0,H,H,1,0,W,https://www.football-data.co.uk/mmz4281/0809/SP1.csv,1,0,H
2008-09,2009-05-10,SP1,Recreativo,La Coruna,1,2,A,A,2,1,W,https://www.football-data.co.uk/mmz4281/0809/SP1.csv,1,1,D
2008-09,2009-05-16,SP1,La Coruna,Getafe,1,1,D,H,1,1,D,https://www.football-data.co.uk/mmz4281/0809/SP1.csv,0,0,D
2008-09,2009-05-23,SP1,Sevilla,La Coruna,1,0,H,A,0,1,L,https://www.football-data.co.uk/mmz4281/0809/SP1.csv,0,0,D
2008-09,2009-05-30,SP1,La Coruna,Barcelona,1,1,D,H,1,1,D,https://www.football-data.co.uk/mmz4281/0809/SP1.csv,1,0,H
2009-10,2009-08-29,SP1,Real Madrid,La Coruna,3,2,H,A,2,3,L,https://www.football-data.co.uk/mmz4281/0910/SP1.csv,2,1,H
2009-10,2009-09-13,SP1,La Coruna,Malaga,1,0,H,H,1,0,W,https://www.football-data.co.uk/mmz4281/0910/SP1.csv,0,0,D
2009-10,2009-09-19,SP1,La Coruna,Espanol,2,3,A,H,2,3,L,https://www.football-data.co.uk/mmz4281/0910/SP1.csv,1,2,A
2009-10,2009-09-23,SP1,Xerez,La Coruna,0,3,A,A,3,0,W,https://www.football-data.co.uk/mmz4281/0910/SP1.csv,0,1,A
2009-10,2009-09-27,SP1,La Coruna,Villarreal,1,0,H,H,1,0,W,https://www.football-data.co.uk/mmz4281/0910/SP1.csv,1,0,H
2009-10,2009-10-03,SP1,Tenerife,La Coruna,0,1,A,A,1,0,W,https://www.football-data.co.uk/mmz4281/0910/SP1.csv,0,0,D
2009-10,2009-10-17,SP1,La Coruna,Sevilla,1,0,H,H,1,0,W,https://www.football-data.co.uk/mmz4281/0910/SP1.csv,1,0,H
2009-10,2009-10-25,SP1,Valladolid,La Coruna,4,0,H,A,0,4,L,https://www.football-data.co.uk/mmz4281/0910/SP1.csv,1,0,H
2009-10,2009-11-01,SP1,La Coruna,Sp Gijon,1,1,D,H,1,1,D,https://www.football-data.co.uk/mmz4281/0910/SP1.csv,1,0,H
2009-10,2009-11-07,SP1,Getafe,La Coruna,0,2,A,A,2,0,W,https://www.football-data.co.uk/mmz4281/0910/SP1.csv,0,1,A
2009-10,2009-11-21,SP1,La Coruna,Ath Madrid,2,1,H,H,2,1,W,https://www.football-data.co.uk/mmz4281/0910/SP1.csv,1,1,D
2009-10,2009-11-29,SP1,Santander,La Coruna,0,1,A,A,1,0,W,https://www.football-data.co.uk/mmz4281/0910/SP1.csv,0,0,D
2009-10,2009-12-05,SP1,La Coruna,Barcelona,1,3,A,H,1,3,L,https://www.football-data.co.uk/mmz4281/0910/SP1.csv,1,1,D
2009-10,2009-12-13,SP1,Almeria,La Coruna,1,1,D,A,1,1,D,https://www.football-data.co.uk/mmz4281/0910/SP1.csv,0,0,D
2009-10,2009-12-20,SP1,La Coruna,Valencia,0,0,D,H,0,0,D,https://www.football-data.co.uk/mmz4281/0910/SP1.csv,0,0,D
2009-10,2010-01-03,SP1,Zaragoza,La Coruna,0,0,D,A,0,0,D,https://www.football-data.co.uk/mmz4281/0910/SP1.csv,0,0,D
2009-10,2010-01-10,SP1,La Coruna,Osasuna,1,0,H,H,1,0,W,https://www.football-data.co.uk/mmz4281/0910/SP1.csv,0,0,D
2009-10,2010-01-17,SP1,Mallorca,La Coruna,2,0,H,A,0,2,L,https://www.football-data.co.uk/mmz4281/0910/SP1.csv,0,0,D
2009-10,2010-01-23,SP1,La Coruna,Ath Bilbao,3,1,H,H,3,1,W,https://www.football-data.co.uk/mmz4281/0910/SP1.csv,0,0,D
2009-10,2010-01-30,SP1,La Coruna,Real Madrid,1,3,A,H,1,3,L,https://www.football-data.co.uk/mmz4281/0910/SP1.csv,0,2,A
2009-10,2010-02-07,SP1,Malaga,La Coruna,0,0,D,A,0,0,D,https://www.football-data.co.uk/mmz4281/0910/SP1.csv,0,0,D
2009-10,2010-02-14,SP1,Espanol,La Coruna,2,0,H,A,0,2,L,https://www.football-data.co.uk/mmz4281/0910/SP1.csv,1,0,H
2009-10,2010-02-20,SP1,La Coruna,Xerez,2,1,H,H,2,1,W,https://www.football-data.co.uk/mmz4281/0910/SP1.csv,2,1,H
2009-10,2010-02-28,SP1,Villarreal,La Coruna,1,0,H,A,0,1,L,https://www.football-data.co.uk/mmz4281/0910/SP1.csv,1,0,H
2009-10,2010-03-06,SP1,La Coruna,Tenerife,3,1,H,H,3,1,W,https://www.football-data.co.uk/mmz4281/0910/SP1.csv,1,1,D
2009-10,2010-03-13,SP1,Sevilla,La Coruna,1,1,D,A,1,1,D,https://www.football-data.co.uk/mmz4281/0910/SP1.csv,1,1,D
2009-10,2010-03-20,SP1,La Coruna,Valladolid,0,2,A,H,0,2,L,https://www.football-data.co.uk/mmz4281/0910/SP1.csv,0,1,A
2009-10,2010-03-23,SP1,Sp Gijon,La Coruna,2,1,H,A,1,2,L,https://www.football-data.co.uk/mmz4281/0910/SP1.csv,1,0,H
2009-10,2010-03-28,SP1,La Coruna,Getafe,1,3,A,H,1,3,L,https://www.football-data.co.uk/mmz4281/0910/SP1.csv,0,2,A
2009-10,2010-04-04,SP1,Ath Madrid,La Coruna,3,0,H,A,0,3,L,https://www.football-data.co.uk/mmz4281/0910/SP1.csv,1,0,H
2009-10,2010-04-11,SP1,La Coruna,Santander,1,1,D,H,1,1,D,https://www.football-data.co.uk/mmz4281/0910/SP1.csv,1,0,H
2009-10,2010-04-14,SP1,Barcelona,La Coruna,3,0,H,A,0,3,L,https://www.football-data.co.uk/mmz4281/0910/SP1.csv,1,0,H
2009-10,2010-04-18,SP1,La Coruna,Almeria,0,0,D,H,0,0,D,https://www.football-data.co.uk/mmz4281/0910/SP1.csv,0,0,D
2009-10,2010-04-24,SP1,Valencia,La Coruna,1,0,H,A,0,1,L,https://www.football-data.co.uk/mmz4281/0910/SP1.csv,1,0,H
2009-10,2010-05-01,SP1,La Coruna,Zaragoza,0,1,A,H,0,1,L,https://www.football-data.co.uk/mmz4281/0910/SP1.csv,0,0,D
2009-10,2010-05-05,SP1,Osasuna,La Coruna,3,1,H,A,1,3,L,https://www.football-data.co.uk/mmz4281/0910/SP1.csv,3,1,H
2009-10,2010-05-08,SP1,La Coruna,Mallorca,1,0,H,H,1,0,W,https://www.football-data.co.uk/mmz4281/0910/SP1.csv,0,0,D
2009-10,2010-05-15,SP1,Ath Bilbao,La Coruna,2,0,H,A,0,2,L,https://www.football-data.co.uk/mmz4281/0910/SP1.csv,1,0,H
2010-11,2010-08-29,SP1,La Coruna,Zaragoza,0,0,D,H,0,0,D,https://www.football-data.co.uk/mmz4281/1011/SP1.csv,0,0,D
2010-11,2010-09-12,SP1,Sevilla,La Coruna,0,0,D,A,0,0,D,https://www.football-data.co.uk/mmz4281/1011/SP1.csv,0,0,D
2010-11,2010-09-20,SP1,La Coruna,Getafe,2,2,D,H,2,2,D,https://www.football-data.co.uk/mmz4281/1011/SP1.csv,0,1,A
2010-11,2010-09-23,SP1,Villarreal,La Coruna,1,0,H,A,0,1,L,https://www.football-data.co.uk/mmz4281/1011/SP1.csv,1,0,H
2010-11,2010-09-26,SP1,La Coruna,Almeria,0,2,A,H,0,2,L,https://www.football-data.co.uk/mmz4281/1011/SP1.csv,0,2,A
2010-11,2010-10-03,SP1,Real Madrid,La Coruna,6,1,H,A,1,6,L,https://www.football-data.co.uk/mmz4281/1011/SP1.csv,3,0,H
2010-11,2010-10-17,SP1,La Coruna,Osasuna,0,0,D,H,0,0,D,https://www.football-data.co.uk/mmz4281/1011/SP1.csv,0,0,D
2010-11,2010-10-25,SP1,Sociedad,La Coruna,3,0,H,A,0,3,L,https://www.football-data.co.uk/mmz4281/1011/SP1.csv,1,0,H
2010-11,2010-10-31,SP1,La Coruna,Espanol,3,0,H,H,3,0,W,https://www.football-data.co.uk/mmz4281/1011/SP1.csv,1,0,H
2010-11,2010-11-07,SP1,Levante,La Coruna,1,2,A,A,2,1,W,https://www.football-data.co.uk/mmz4281/1011/SP1.csv,0,1,A
2010-11,2010-11-14,SP1,Mallorca,La Coruna,0,0,D,A,0,0,D,https://www.football-data.co.uk/mmz4281/1011/SP1.csv,0,0,D
2010-11,2010-11-21,SP1,La Coruna,Malaga,3,0,H,H,3,0,W,https://www.football-data.co.uk/mmz4281/1011/SP1.csv,2,0,H
2010-11,2010-11-28,SP1,Santander,La Coruna,1,0,H,A,0,1,L,https://www.football-data.co.uk/mmz4281/1011/SP1.csv,0,0,D
2010-11,2010-12-06,SP1,La Coruna,Hercules,1,0,H,H,1,0,W,https://www.football-data.co.uk/mmz4281/1011/SP1.csv,0,0,D
2010-11,2010-12-11,SP1,Ath Madrid,La Coruna,2,0,H,A,0,2,L,https://www.football-data.co.uk/mmz4281/1011/SP1.csv,2,0,H
2010-11,2010-12-18,SP1,La Coruna,Sp Gijon,1,1,D,H,1,1,D,https://www.football-data.co.uk/mmz4281/1011/SP1.csv,1,0,H
2010-11,2011-01-02,SP1,Ath Bilbao,La Coruna,1,2,A,A,2,1,W,https://www.football-data.co.uk/mmz4281/1011/SP1.csv,0,1,A
2010-11,2011-01-08,SP1,La Coruna,Barcelona,0,4,A,H,0,4,L,https://www.football-data.co.uk/mmz4281/1011/SP1.csv,0,1,A
2010-11,2011-01-16,SP1,Valencia,La Coruna,2,0,H,A,0,2,L,https://www.football-data.co.uk/mmz4281/1011/SP1.csv,0,0,D
2010-11,2011-01-23,SP1,Zaragoza,La Coruna,1,0,H,A,0,1,L,https://www.football-data.co.uk/mmz4281/1011/SP1.csv,1,0,H
2010-11,2011-01-29,SP1,La Coruna,Sevilla,3,3,D,H,3,3,D,https://www.football-data.co.uk/mmz4281/1011/SP1.csv,1,0,H
2010-11,2011-02-05,SP1,Getafe,La Coruna,4,1,H,A,1,4,L,https://www.football-data.co.uk/mmz4281/1011/SP1.csv,3,0,H
2010-11,2011-02-13,SP1,La Coruna,Villarreal,1,0,H,H,1,0,W,https://www.football-data.co.uk/mmz4281/1011/SP1.csv,0,0,D
2010-11,2011-02-20,SP1,Almeria,La Coruna,1,1,D,A,1,1,D,https://www.football-data.co.uk/mmz4281/1011/SP1.csv,0,0,D
2010-11,2011-02-26,SP1,La Coruna,Real Madrid,0,0,D,H,0,0,D,https://www.football-data.co.uk/mmz4281/1011/SP1.csv,0,0,D
2010-11,2011-03-02,SP1,Osasuna,La Coruna,0,0,D,A,0,0,D,https://www.football-data.co.uk/mmz4281/1011/SP1.csv,0,0,D
2010-11,2011-03-07,SP1,La Coruna,Sociedad,2,1,H,H,2,1,W,https://www.football-data.co.uk/mmz4281/1011/SP1.csv,1,0,H
2010-11,2011-03-13,SP1,Espanol,La Coruna,2,0,H,A,0,2,L,https://www.football-data.co.uk/mmz4281/1011/SP1.csv,0,0,D
2010-11,2011-03-20,SP1,La Coruna,Levante,0,1,A,H,0,1,L,https://www.football-data.co.uk/mmz4281/1011/SP1.csv,0,0,D
2010-11,2011-04-03,SP1,La Coruna,Mallorca,2,1,H,H,2,1,W,https://www.football-data.co.uk/mmz4281/1011/SP1.csv,0,1,A
2010-11,2011-04-10,SP1,Malaga,La Coruna,0,0,D,A,0,0,D,https://www.football-data.co.uk/mmz4281/1011/SP1.csv,0,0,D
2010-11,2011-04-17,SP1,La Coruna,Santander,2,0,H,H,2,0,W,https://www.football-data.co.uk/mmz4281/1011/SP1.csv,1,0,H
2010-11,2011-04-24,SP1,Hercules,La Coruna,1,0,H,A,0,1,L,https://www.football-data.co.uk/mmz4281/1011/SP1.csv,0,0,D
2010-11,2011-04-30,SP1,La Coruna,Ath Madrid,0,1,A,H,0,1,L,https://www.football-data.co.uk/mmz4281/1011/SP1.csv,0,0,D
2010-11,2011-05-07,SP1,Sp Gijon,La Coruna,2,2,D,A,2,2,D,https://www.football-data.co.uk/mmz4281/1011/SP1.csv,1,2,A
2010-11,2011-05-10,SP1,La Coruna,Ath Bilbao,2,1,H,H,2,1,W,https://www.football-data.co.uk/mmz4281/1011/SP1.csv,1,1,D
2010-11,2011-05-15,SP1,Barcelona,La Coruna,0,0,D,A,0,0,D,https://www.football-data.co.uk/mmz4281/1011/SP1.csv,0,0,D
2010-11,2011-05-21,SP1,La Coruna,Valencia,0,2,A,H,0,2,L,https://www.football-data.co.uk/mmz4281/1011/SP1.csv,0,1,A
2011-12,2011-08-27,SP2,La Coruna,Recreativo,1,0,H,H,1,0,W,https://www.football-data.co.uk/mmz4281/1112/SP2.csv,1,0,H
2011-12,2011-09-04,SP2,La Coruna,Hercules,0,1,A,H,0,1,L,https://www.football-data.co.uk/mmz4281/1112/SP2.csv,0,1,A
2011-12,2011-09-11,SP2,Barcelona B,La Coruna,2,3,A,A,3,2,W,https://www.football-data.co.uk/mmz4281/1112/SP2.csv,1,3,A
2011-12,2011-09-17,SP2,La Coruna,Sabadell,2,1,H,H,2,1,W,https://www.football-data.co.uk/mmz4281/1112/SP2.csv,2,0,H
2011-12,2011-09-24,SP2,Alcorcon,La Coruna,4,0,H,A,0,4,L,https://www.football-data.co.uk/mmz4281/1112/SP2.csv,3,0,H
2011-12,2011-10-01,SP2,La Coruna,Guadalajara,4,0,H,H,4,0,W,https://www.football-data.co.uk/mmz4281/1112/SP2.csv,3,0,H
2011-12,2011-10-08,SP2,Alcoyano,La Coruna,2,0,H,A,0,2,L,https://www.football-data.co.uk/mmz4281/1112/SP2.csv,1,0,H
2011-12,2011-10-15,SP2,La Coruna,Gimnastic,2,2,D,H,2,2,D,https://www.football-data.co.uk/mmz4281/1112/SP2.csv,1,0,H
2011-12,2011-10-22,SP2,Cordoba,La Coruna,0,2,A,A,2,0,W,https://www.football-data.co.uk/mmz4281/1112/SP2.csv,0,1,A
2011-12,2011-10-27,SP2,Cartagena,La Coruna,2,1,H,A,1,2,L,https://www.football-data.co.uk/mmz4281/1112/SP2.csv,1,0,H
2011-12,2011-10-30,SP2,La Coruna,Girona,3,2,H,H,3,2,W,https://www.football-data.co.uk/mmz4281/1112/SP2.csv,1,1,D
2011-12,2011-11-07,SP2,Murcia,La Coruna,0,0,D,A,0,0,D,https://www.football-data.co.uk/mmz4281/1112/SP2.csv,0,0,D
2011-12,2011-11-13,SP2,La Coruna,Celta,2,1,H,H,2,1,W,https://www.football-data.co.uk/mmz4281/1112/SP2.csv,1,0,H
2011-12,2011-11-20,SP2,Elche,La Coruna,3,2,H,A,2,3,L,https://www.football-data.co.uk/mmz4281/1112/SP2.csv,2,0,H
2011-12,2011-11-25,SP2,La Coruna,Almeria,3,1,H,H,3,1,W,https://www.football-data.co.uk/mmz4281/1112/SP2.csv,1,0,H
2011-12,2011-12-04,SP2,Valladolid,La Coruna,0,0,D,A,0,0,D,https://www.football-data.co.uk/mmz4281/1112/SP2.csv,0,0,D
2011-12,2011-12-10,SP2,La Coruna,Numancia,3,1,H,H,3,1,W,https://www.football-data.co.uk/mmz4281/1112/SP2.csv,2,0,H
2011-12,2011-12-18,SP2,Las Palmas,La Coruna,0,1,A,A,1,0,W,https://www.football-data.co.uk/mmz4281/1112/SP2.csv,0,0,D
2011-12,2012-01-07,SP2,La Coruna,Xerez,2,1,H,H,2,1,W,https://www.football-data.co.uk/mmz4281/1112/SP2.csv,2,1,H
2011-12,2012-01-15,SP2,Huesca,La Coruna,0,2,A,A,2,0,W,https://www.football-data.co.uk/mmz4281/1112/SP2.csv,0,1,A
2011-12,2012-01-21,SP2,La Coruna,Villarreal B,1,0,H,H,1,0,W,https://www.football-data.co.uk/mmz4281/1112/SP2.csv,0,0,D
2011-12,2012-01-29,SP2,La Coruna,Cartagena,2,1,H,H,2,1,W,https://www.football-data.co.uk/mmz4281/1112/SP2.csv,1,0,H
2011-12,2012-02-04,SP2,Recreativo,La Coruna,0,1,A,A,1,0,W,https://www.football-data.co.uk/mmz4281/1112/SP2.csv,0,1,A
2011-12,2012-02-12,SP2,Hercules,La Coruna,1,4,A,A,4,1,W,https://www.football-data.co.uk/mmz4281/1112/SP2.csv,0,2,A
2011-12,2012-02-18,SP2,La Coruna,Barcelona B,2,1,H,H,2,1,W,https://www.football-data.co.uk/mmz4281/1112/SP2.csv,0,0,D
2011-12,2012-02-25,SP2,Sabadell,La Coruna,1,0,H,A,0,1,L,https://www.football-data.co.uk/mmz4281/1112/SP2.csv,1,0,H
2011-12,2012-03-02,SP2,La Coruna,Alcorcon,2,1,H,H,2,1,W,https://www.football-data.co.uk/mmz4281/1112/SP2.csv,2,0,H
2011-12,2012-03-10,SP2,Guadalajara,La Coruna,1,2,A,A,2,1,W,https://www.football-data.co.uk/mmz4281/1112/SP2.csv,0,1,A
2011-12,2012-03-17,SP2,La Coruna,Alcoyano,3,0,H,H,3,0,W,https://www.football-data.co.uk/mmz4281/1112/SP2.csv,2,0,H
2011-12,2012-03-25,SP2,La Coruna,Cordoba,2,0,H,H,2,0,W,https://www.football-data.co.uk/mmz4281/1112/SP2.csv,1,0,H
2011-12,2012-03-31,SP2,Girona,La Coruna,1,0,H,A,0,1,L,https://www.football-data.co.uk/mmz4281/1112/SP2.csv,1,0,H
2011-12,2012-04-08,SP2,La Coruna,Murcia,3,1,H,H,3,1,W,https://www.football-data.co.uk/mmz4281/1112/SP2.csv,1,1,D
2011-12,2012-04-15,SP2,Celta,La Coruna,2,3,A,A,3,2,W,https://www.football-data.co.uk/mmz4281/1112/SP2.csv,0,1,A
2011-12,2012-04-22,SP2,La Coruna,Elche,4,3,H,H,4,3,W,https://www.football-data.co.uk/mmz4281/1112/SP2.csv,1,1,D
2011-12,2012-04-28,SP2,Almeria,La Coruna,2,0,H,A,0,2,L,https://www.football-data.co.uk/mmz4281/1112/SP2.csv,1,0,H
2011-12,2012-05-06,SP2,La Coruna,Valladolid,1,1,D,H,1,1,D,https://www.football-data.co.uk/mmz4281/1112/SP2.csv,1,0,H
2011-12,2012-05-12,SP2,Numancia,La Coruna,0,3,A,A,3,0,W,https://www.football-data.co.uk/mmz4281/1112/SP2.csv,0,2,A
2011-12,2012-05-16,SP2,La Coruna,Las Palmas,3,1,H,H,3,1,W,https://www.football-data.co.uk/mmz4281/1112/SP2.csv,2,1,H
2011-12,2012-05-20,SP2,Xerez,La Coruna,3,2,H,A,2,3,L,https://www.football-data.co.uk/mmz4281/1112/SP2.csv,1,1,D
2011-12,2012-05-23,SP2,Gimnastic,La Coruna,1,2,A,A,2,1,W,https://www.football-data.co.uk/mmz4281/1112/SP2.csv,1,1,D
2011-12,2012-05-27,SP2,La Coruna,Huesca,2,1,H,H,2,1,W,https://www.football-data.co.uk/mmz4281/1112/SP2.csv,1,1,D
2011-12,2012-06-03,SP2,Villarreal B,La Coruna,0,1,A,A,1,0,W,https://www.football-data.co.uk/mmz4281/1112/SP2.csv,0,0,D
2012-13,2012-08-20,SP1,La Coruna,Osasuna,2,0,H,H,2,0,W,https://www.football-data.co.uk/mmz4281/1213/SP1.csv,0,0,D
2012-13,2012-08-26,SP1,Valencia,La Coruna,3,3,D,A,3,3,D,https://www.football-data.co.uk/mmz4281/1213/SP1.csv,3,1,H
2012-13,2012-09-01,SP1,La Coruna,Getafe,1,1,D,H,1,1,D,https://www.football-data.co.uk/mmz4281/1213/SP1.csv,1,1,D
2012-13,2012-09-16,SP1,Granada,La Coruna,1,1,D,A,1,1,D,https://www.football-data.co.uk/mmz4281/1213/SP1.csv,0,1,A
2012-13,2012-09-24,SP1,La Coruna,Sevilla,0,2,A,H,0,2,L,https://www.football-data.co.uk/mmz4281/1213/SP1.csv,0,0,D
2012-13,2012-09-30,SP1,Real Madrid,La Coruna,5,1,H,A,1,5,L,https://www.football-data.co.uk/mmz4281/1213/SP1.csv,3,1,H
2012-13,2012-10-06,SP1,Vallecano,La Coruna,2,1,H,A,1,2,L,https://www.football-data.co.uk/mmz4281/1213/SP1.csv,2,1,H
2012-13,2012-10-20,SP1,La Coruna,Barcelona,4,5,A,H,4,5,L,https://www.football-data.co.uk/mmz4281/1213/SP1.csv,2,4,A
2012-13,2012-10-27,SP1,Celta,La Coruna,1,1,D,A,1,1,D,https://www.football-data.co.uk/mmz4281/1213/SP1.csv,1,1,D
2012-13,2012-11-04,SP1,La Coruna,Mallorca,1,0,H,H,1,0,W,https://www.football-data.co.uk/mmz4281/1213/SP1.csv,1,0,H
2012-13,2012-11-10,SP1,Zaragoza,La Coruna,5,3,H,A,3,5,L,https://www.football-data.co.uk/mmz4281/1213/SP1.csv,1,2,A
2012-13,2012-11-18,SP1,La Coruna,Levante,0,2,A,H,0,2,L,https://www.football-data.co.uk/mmz4281/1213/SP1.csv,0,1,A
2012-13,2012-11-25,SP1,Ath Bilbao,La Coruna,1,1,D,A,1,1,D,https://www.football-data.co.uk/mmz4281/1213/SP1.csv,1,0,H
2012-13,2012-12-02,SP1,La Coruna,Betis,2,3,A,H,2,3,L,https://www.football-data.co.uk/mmz4281/1213/SP1.csv,0,1,A
2012-13,2012-12-09,SP1,Ath Madrid,La Coruna,6,0,H,A,0,6,L,https://www.football-data.co.uk/mmz4281/1213/SP1.csv,3,0,H
2012-13,2012-12-17,SP1,La Coruna,Valladolid,0,0,D,H,0,0,D,https://www.football-data.co.uk/mmz4281/1213/SP1.csv,0,0,D
2012-13,2012-12-20,SP1,Espanol,La Coruna,2,0,H,A,0,2,L,https://www.football-data.co.uk/mmz4281/1213/SP1.csv,1,0,H
2012-13,2013-01-05,SP1,La Coruna,Malaga,1,0,H,H,1,0,W,https://www.football-data.co.uk/mmz4281/1213/SP1.csv,0,0,D
2012-13,2013-01-13,SP1,Sociedad,La Coruna,1,1,D,A,1,1,D,https://www.football-data.co.uk/mmz4281/1213/SP1.csv,1,1,D
2012-13,2013-01-20,SP1,Osasuna,La Coruna,2,1,H,A,1,2,L,https://www.football-data.co.uk/mmz4281/1213/SP1.csv,1,0,H
2012-13,2013-01-26,SP1,La Coruna,Valencia,2,3,A,H,2,3,L,https://www.football-data.co.uk/mmz4281/1213/SP1.csv,2,1,H
2012-13,2013-02-02,SP1,Getafe,La Coruna,3,1,H,A,1,3,L,https://www.football-data.co.uk/mmz4281/1213/SP1.csv,1,1,D
2012-13,2013-02-09,SP1,La Coruna,Granada,0,3,A,H,0,3,L,https://www.football-data.co.uk/mmz4281/1213/SP1.csv,0,1,A
2012-13,2013-02-15,SP1,Sevilla,La Coruna,3,1,H,A,1,3,L,https://www.football-data.co.uk/mmz4281/1213/SP1.csv,3,1,H
2012-13,2013-02-23,SP1,La Coruna,Real Madrid,1,2,A,H,1,2,L,https://www.football-data.co.uk/mmz4281/1213/SP1.csv,1,0,H
2012-13,2013-03-02,SP1,La Coruna,Vallecano,0,0,D,H,0,0,D,https://www.football-data.co.uk/mmz4281/1213/SP1.csv,0,0,D
2012-13,2013-03-09,SP1,Barcelona,La Coruna,2,0,H,A,0,2,L,https://www.football-data.co.uk/mmz4281/1213/SP1.csv,1,0,H
2012-13,2013-03-15,SP1,La Coruna,Celta,3,1,H,H,3,1,W,https://www.football-data.co.uk/mmz4281/1213/SP1.csv,1,0,H
2012-13,2013-03-31,SP1,Mallorca,La Coruna,2,3,A,A,3,2,W,https://www.football-data.co.uk/mmz4281/1213/SP1.csv,1,1,D
2012-13,2013-04-06,SP1,La Coruna,Zaragoza,3,2,H,H,3,2,W,https://www.football-data.co.uk/mmz4281/1213/SP1.csv,2,2,D
2012-13,2013-04-13,SP1,Levante,La Coruna,0,4,A,A,4,0,W,https://www.football-data.co.uk/mmz4281/1213/SP1.csv,0,3,A
2012-13,2013-04-21,SP1,La Coruna,Ath Bilbao,1,1,D,H,1,1,D,https://www.football-data.co.uk/mmz4281/1213/SP1.csv,1,1,D
2012-13,2013-04-29,SP1,Betis,La Coruna,1,1,D,A,1,1,D,https://www.football-data.co.uk/mmz4281/1213/SP1.csv,0,1,A
2012-13,2013-05-04,SP1,La Coruna,Ath Madrid,0,0,D,H,0,0,D,https://www.football-data.co.uk/mmz4281/1213/SP1.csv,0,0,D
2012-13,2013-05-11,SP1,Valladolid,La Coruna,1,0,H,A,0,1,L,https://www.football-data.co.uk/mmz4281/1213/SP1.csv,0,0,D
2012-13,2013-05-19,SP1,La Coruna,Espanol,2,0,H,H,2,0,W,https://www.football-data.co.uk/mmz4281/1213/SP1.csv,0,0,D
2012-13,2013-05-26,SP1,Malaga,La Coruna,3,1,H,A,1,3,L,https://www.football-data.co.uk/mmz4281/1213/SP1.csv,1,0,H
2012-13,2013-06-01,SP1,La Coruna,Sociedad,0,1,A,H,0,1,L,https://www.football-data.co.uk/mmz4281/1213/SP1.csv,0,1,A
2013-14,2013-08-17,SP2,Las Palmas,La Coruna,0,1,A,A,1,0,W,https://www.football-data.co.uk/mmz4281/1314/SP2.csv,0,0,D
2013-14,2013-08-24,SP2,La Coruna,Cordoba,0,1,A,H,0,1,L,https://www.football-data.co.uk/mmz4281/1314/SP2.csv,0,0,D
2013-14,2013-08-31,SP2,Sabadell,La Coruna,0,3,A,A,3,0,W,https://www.football-data.co.uk/mmz4281/1314/SP2.csv,0,0,D
2013-14,2013-09-08,SP2,La Coruna,Murcia,0,1,A,H,0,1,L,https://www.football-data.co.uk/mmz4281/1314/SP2.csv,0,1,A
2013-14,2013-09-15,SP2,Sp Gijon,La Coruna,2,0,H,A,0,2,L,https://www.football-data.co.uk/mmz4281/1314/SP2.csv,0,0,D
2013-14,2013-09-22,SP2,La Coruna,Alcorcon,1,0,H,H,1,0,W,https://www.football-data.co.uk/mmz4281/1314/SP2.csv,1,0,H
2013-14,2013-09-29,SP2,Hercules,La Coruna,0,2,A,A,2,0,W,https://www.football-data.co.uk/mmz4281/1314/SP2.csv,0,2,A
2013-14,2013-10-05,SP2,La Coruna,Mirandes,0,0,D,H,0,0,D,https://www.football-data.co.uk/mmz4281/1314/SP2.csv,0,0,D
2013-14,2013-10-13,SP2,Barcelona B,La Coruna,0,1,A,A,1,0,W,https://www.football-data.co.uk/mmz4281/1314/SP2.csv,0,1,A
2013-14,2013-10-20,SP2,La Coruna,Zaragoza,1,1,D,H,1,1,D,https://www.football-data.co.uk/mmz4281/1314/SP2.csv,0,0,D
2013-14,2013-10-26,SP2,Tenerife,La Coruna,2,0,H,A,0,2,L,https://www.football-data.co.uk/mmz4281/1314/SP2.csv,0,0,D
2013-14,2013-11-03,SP2,La Coruna,Real Madrid B,2,0,H,H,2,0,W,https://www.football-data.co.uk/mmz4281/1314/SP2.csv,1,0,H
2013-14,2013-11-10,SP2,Recreativo,La Coruna,0,1,A,A,1,0,W,https://www.football-data.co.uk/mmz4281/1314/SP2.csv,0,0,D
2013-14,2013-11-17,SP2,La Coruna,Mallorca,3,1,H,H,3,1,W,https://www.football-data.co.uk/mmz4281/1314/SP2.csv,2,0,H
2013-14,2013-11-24,SP2,Ponferradina,La Coruna,0,1,A,A,1,0,W,https://www.football-data.co.uk/mmz4281/1314/SP2.csv,0,1,A
2013-14,2013-11-30,SP2,La Coruna,Lugo,0,0,D,H,0,0,D,https://www.football-data.co.uk/mmz4281/1314/SP2.csv,0,0,D
2013-14,2013-12-07,SP2,La Coruna,Alaves,2,1,H,H,2,1,W,https://www.football-data.co.uk/mmz4281/1314/SP2.csv,1,0,H
2013-14,2013-12-15,SP2,Eibar,La Coruna,2,1,H,A,1,2,L,https://www.football-data.co.uk/mmz4281/1314/SP2.csv,1,0,H
2013-14,2013-12-21,SP2,La Coruna,Numancia,3,3,D,H,3,3,D,https://www.football-data.co.uk/mmz4281/1314/SP2.csv,2,1,H
2013-14,2014-01-05,SP2,Jaen,La Coruna,0,0,D,A,0,0,D,https://www.football-data.co.uk/mmz4281/1314/SP2.csv,0,0,D
2013-14,2014-01-11,SP2,La Coruna,Girona,0,0,D,H,0,0,D,https://www.football-data.co.uk/mmz4281/1314/SP2.csv,0,0,D
2013-14,2014-01-19,SP2,La Coruna,Las Palmas,1,2,A,H,1,2,L,https://www.football-data.co.uk/mmz4281/1314/SP2.csv,1,1,D
2013-14,2014-01-25,SP2,Cordoba,La Coruna,0,1,A,A,1,0,W,https://www.football-data.co.uk/mmz4281/1314/SP2.csv,0,0,D
2013-14,2014-02-01,SP2,La Coruna,Sabadell,2,1,H,H,2,1,W,https://www.football-data.co.uk/mmz4281/1314/SP2.csv,0,0,D
2013-14,2014-02-09,SP2,Murcia,La Coruna,1,0,H,A,0,1,L,https://www.football-data.co.uk/mmz4281/1314/SP2.csv,1,0,H
2013-14,2014-02-16,SP2,La Coruna,Sp Gijon,1,1,D,H,1,1,D,https://www.football-data.co.uk/mmz4281/1314/SP2.csv,0,1,A
2013-14,2014-02-23,SP2,Alcorcon,La Coruna,1,2,A,A,2,1,W,https://www.football-data.co.uk/mmz4281/1314/SP2.csv,1,1,D
2013-14,2014-03-02,SP2,La Coruna,Hercules,3,2,H,H,3,2,W,https://www.football-data.co.uk/mmz4281/1314/SP2.csv,2,0,H
2013-14,2014-03-08,SP2,Mirandes,La Coruna,1,0,H,A,0,1,L,https://www.football-data.co.uk/mmz4281/1314/SP2.csv,0,0,D
2013-14,2014-03-15,SP2,La Coruna,Barcelona B,0,0,D,H,0,0,D,https://www.football-data.co.uk/mmz4281/1314/SP2.csv,0,0,D
2013-14,2014-03-23,SP2,Zaragoza,La Coruna,0,1,A,A,1,0,W,https://www.football-data.co.uk/mmz4281/1314/SP2.csv,0,1,A
2013-14,2014-03-29,SP2,La Coruna,Tenerife,1,1,D,H,1,1,D,https://www.football-data.co.uk/mmz4281/1314/SP2.csv,1,0,H
2013-14,2014-04-05,SP2,Real Madrid B,La Coruna,0,2,A,A,2,0,W,https://www.football-data.co.uk/mmz4281/1314/SP2.csv,0,1,A
2013-14,2014-04-13,SP2,La Coruna,Recreativo,2,0,H,H,2,0,W,https://www.football-data.co.uk/mmz4281/1314/SP2.csv,1,0,H
2013-14,2014-04-20,SP2,Mallorca,La Coruna,0,3,A,A,3,0,W,https://www.football-data.co.uk/mmz4281/1314/SP2.csv,0,1,A
2013-14,2014-04-26,SP2,La Coruna,Ponferradina,0,3,A,H,0,3,L,https://www.football-data.co.uk/mmz4281/1314/SP2.csv,0,1,A
2013-14,2014-05-03,SP2,Lugo,La Coruna,2,2,D,A,2,2,D,https://www.football-data.co.uk/mmz4281/1314/SP2.csv,0,2,A
2013-14,2014-05-11,SP2,Alaves,La Coruna,1,1,D,A,1,1,D,https://www.football-data.co.uk/mmz4281/1314/SP2.csv,0,0,D
2013-14,2014-05-18,SP2,La Coruna,Eibar,1,1,D,H,1,1,D,https://www.football-data.co.uk/mmz4281/1314/SP2.csv,1,0,H
2013-14,2014-05-25,SP2,Numancia,La Coruna,2,1,H,A,1,2,L,https://www.football-data.co.uk/mmz4281/1314/SP2.csv,1,1,D
2013-14,2014-05-31,SP2,La Coruna,Jaen,1,0,H,H,1,0,W,https://www.football-data.co.uk/mmz4281/1314/SP2.csv,1,0,H
2013-14,2014-06-07,SP2,Girona,La Coruna,3,1,H,A,1,3,L,https://www.football-data.co.uk/mmz4281/1314/SP2.csv,1,0,H
2014-15,2014-08-23,SP1,Granada,La Coruna,2,1,H,A,1,2,L,https://www.football-data.co.uk/mmz4281/1415/SP1.csv,0,1,A
2014-15,2014-08-31,SP1,La Coruna,Vallecano,2,2,D,H,2,2,D,https://www.football-data.co.uk/mmz4281/1415/SP1.csv,1,1,D
2014-15,2014-09-15,SP1,Eibar,La Coruna,0,1,A,A,1,0,W,https://www.football-data.co.uk/mmz4281/1415/SP1.csv,0,1,A
2014-15,2014-09-20,SP1,La Coruna,Real Madrid,2,8,A,H,2,8,L,https://www.football-data.co.uk/mmz4281/1415/SP1.csv,0,3,A
2014-15,2014-09-23,SP1,Celta,La Coruna,2,1,H,A,1,2,L,https://www.football-data.co.uk/mmz4281/1415/SP1.csv,1,0,H
2014-15,2014-09-28,SP1,La Coruna,Almeria,0,1,A,H,0,1,L,https://www.football-data.co.uk/mmz4281/1415/SP1.csv,0,0,D
2014-15,2014-10-05,SP1,Sevilla,La Coruna,4,1,H,A,1,4,L,https://www.football-data.co.uk/mmz4281/1415/SP1.csv,2,1,H
2014-15,2014-10-19,SP1,La Coruna,Valencia,3,0,H,H,3,0,W,https://www.football-data.co.uk/mmz4281/1415/SP1.csv,2,0,H
2014-15,2014-10-26,SP1,Espanol,La Coruna,0,0,D,A,0,0,D,https://www.football-data.co.uk/mmz4281/1415/SP1.csv,0,0,D
2014-15,2014-10-31,SP1,La Coruna,Getafe,1,2,A,H,1,2,L,https://www.football-data.co.uk/mmz4281/1415/SP1.csv,0,1,A
2014-15,2014-11-07,SP1,Cordoba,La Coruna,0,0,D,A,0,0,D,https://www.football-data.co.uk/mmz4281/1415/SP1.csv,0,0,D
2014-15,2014-11-22,SP1,La Coruna,Sociedad,0,0,D,H,0,0,D,https://www.football-data.co.uk/mmz4281/1415/SP1.csv,0,0,D
2014-15,2014-11-30,SP1,Ath Madrid,La Coruna,2,0,H,A,0,2,L,https://www.football-data.co.uk/mmz4281/1415/SP1.csv,1,0,H
2014-15,2014-12-06,SP1,La Coruna,Malaga,0,1,A,H,0,1,L,https://www.football-data.co.uk/mmz4281/1415/SP1.csv,0,1,A
2014-15,2014-12-15,SP1,La Coruna,Elche,1,0,H,H,1,0,W,https://www.football-data.co.uk/mmz4281/1415/SP1.csv,1,0,H
2014-15,2014-12-21,SP1,Villarreal,La Coruna,3,0,H,A,0,3,L,https://www.football-data.co.uk/mmz4281/1415/SP1.csv,1,0,H
2014-15,2015-01-03,SP1,La Coruna,Ath Bilbao,1,0,H,H,1,0,W,https://www.football-data.co.uk/mmz4281/1415/SP1.csv,1,0,H
2014-15,2015-01-09,SP1,Levante,La Coruna,0,0,D,A,0,0,D,https://www.football-data.co.uk/mmz4281/1415/SP1.csv,0,0,D
2014-15,2015-01-18,SP1,La Coruna,Barcelona,0,4,A,H,0,4,L,https://www.football-data.co.uk/mmz4281/1415/SP1.csv,0,2,A
2014-15,2015-01-25,SP1,La Coruna,Granada,2,2,D,H,2,2,D,https://www.football-data.co.uk/mmz4281/1415/SP1.csv,2,1,H
2014-15,2015-01-30,SP1,Vallecano,La Coruna,1,2,A,A,2,1,W,https://www.football-data.co.uk/mmz4281/1415/SP1.csv,1,1,D
2014-15,2015-02-06,SP1,La Coruna,Eibar,2,0,H,H,2,0,W,https://www.football-data.co.uk/mmz4281/1415/SP1.csv,0,0,D
2014-15,2015-02-14,SP1,Real Madrid,La Coruna,2,0,H,A,0,2,L,https://www.football-data.co.uk/mmz4281/1415/SP1.csv,1,0,H
2014-15,2015-02-21,SP1,La Coruna,Celta,0,2,A,H,0,2,L,https://www.football-data.co.uk/mmz4281/1415/SP1.csv,0,0,D
2014-15,2015-02-28,SP1,Almeria,La Coruna,0,0,D,A,0,0,D,https://www.football-data.co.uk/mmz4281/1415/SP1.csv,0,0,D
2014-15,2015-03-07,SP1,La Coruna,Sevilla,3,4,A,H,3,4,L,https://www.football-data.co.uk/mmz4281/1415/SP1.csv,1,1,D
2014-15,2015-03-13,SP1,Valencia,La Coruna,2,0,H,A,0,2,L,https://www.football-data.co.uk/mmz4281/1415/SP1.csv,0,0,D
2014-15,2015-03-22,SP1,La Coruna,Espanol,0,0,D,H,0,0,D,https://www.football-data.co.uk/mmz4281/1415/SP1.csv,0,0,D
2014-15,2015-04-05,SP1,Getafe,La Coruna,2,1,H,A,1,2,L,https://www.football-data.co.uk/mmz4281/1415/SP1.csv,2,0,H
2014-15,2015-04-08,SP1,La Coruna,Cordoba,1,1,D,H,1,1,D,https://www.football-data.co.uk/mmz4281/1415/SP1.csv,0,0,D
2014-15,2015-04-12,SP1,Sociedad,La Coruna,2,2,D,A,2,2,D,https://www.football-data.co.uk/mmz4281/1415/SP1.csv,1,1,D
2014-15,2015-04-18,SP1,La Coruna,Ath Madrid,1,2,A,H,1,2,L,https://www.football-data.co.uk/mmz4281/1415/SP1.csv,0,2,A
2014-15,2015-04-26,SP1,Malaga,La Coruna,1,1,D,A,1,1,D,https://www.football-data.co.uk/mmz4281/1415/SP1.csv,0,0,D
2014-15,2015-04-29,SP1,Elche,La Coruna,4,0,H,A,0,4,L,https://www.football-data.co.uk/mmz4281/1415/SP1.csv,2,0,H
2014-15,2015-05-02,SP1,La Coruna,Villarreal,1,1,D,H,1,1,D,https://www.football-data.co.uk/mmz4281/1415/SP1.csv,0,0,D
2014-15,2015-05-09,SP1,Ath Bilbao,La Coruna,1,1,D,A,1,1,D,https://www.football-data.co.uk/mmz4281/1415/SP1.csv,1,0,H
2014-15,2015-05-17,SP1,La Coruna,Levante,2,0,H,H,2,0,W,https://www.football-data.co.uk/mmz4281/1415/SP1.csv,1,0,H
2014-15,2015-05-23,SP1,Barcelona,La Coruna,2,2,D,A,2,2,D,https://www.football-data.co.uk/mmz4281/1415/SP1.csv,1,0,H
2015-16,2015-08-22,SP1,La Coruna,Sociedad,0,0,D,H,0,0,D,https://www.football-data.co.uk/mmz4281/1516/SP1.csv,0,0,D
2015-16,2015-08-30,SP1,Valencia,La Coruna,1,1,D,A,1,1,D,https://www.football-data.co.uk/mmz4281/1516/SP1.csv,1,1,D
2015-16,2015-09-14,SP1,Vallecano,La Coruna,1,3,A,A,3,1,W,https://www.football-data.co.uk/mmz4281/1516/SP1.csv,1,2,A
2015-16,2015-09-20,SP1,La Coruna,Sp Gijon,2,3,A,H,2,3,L,https://www.football-data.co.uk/mmz4281/1516/SP1.csv,2,3,A
2015-16,2015-09-24,SP1,Betis,La Coruna,1,2,A,A,2,1,W,https://www.football-data.co.uk/mmz4281/1516/SP1.csv,0,0,D
2015-16,2015-09-27,SP1,La Coruna,Espanol,3,0,H,H,3,0,W,https://www.football-data.co.uk/mmz4281/1516/SP1.csv,2,0,H
2015-16,2015-10-03,SP1,Granada,La Coruna,1,1,D,A,1,1,D,https://www.football-data.co.uk/mmz4281/1516/SP1.csv,0,1,A
2015-16,2015-10-18,SP1,La Coruna,Ath Bilbao,2,2,D,H,2,2,D,https://www.football-data.co.uk/mmz4281/1516/SP1.csv,0,1,A
2015-16,2015-10-24,SP1,Malaga,La Coruna,2,0,H,A,0,2,L,https://www.football-data.co.uk/mmz4281/1516/SP1.csv,0,0,D
2015-16,2015-10-30,SP1,La Coruna,Ath Madrid,1,1,D,H,1,1,D,https://www.football-data.co.uk/mmz4281/1516/SP1.csv,0,1,A
2015-16,2015-11-07,SP1,Levante,La Coruna,1,1,D,A,1,1,D,https://www.football-data.co.uk/mmz4281/1516/SP1.csv,0,1,A
2015-16,2015-11-21,SP1,La Coruna,Celta,2,0,H,H,2,0,W,https://www.football-data.co.uk/mmz4281/1516/SP1.csv,1,0,H
2015-16,2015-11-28,SP1,Las Palmas,La Coruna,0,2,A,A,2,0,W,https://www.football-data.co.uk/mmz4281/1516/SP1.csv,0,1,A
2015-16,2015-12-05,SP1,La Coruna,Sevilla,1,1,D,H,1,1,D,https://www.football-data.co.uk/mmz4281/1516/SP1.csv,1,0,H
2015-16,2015-12-12,SP1,Barcelona,La Coruna,2,2,D,A,2,2,D,https://www.football-data.co.uk/mmz4281/1516/SP1.csv,1,0,H
2015-16,2015-12-19,SP1,La Coruna,Eibar,2,0,H,H,2,0,W,https://www.football-data.co.uk/mmz4281/1516/SP1.csv,1,0,H
2015-16,2015-12-30,SP1,Getafe,La Coruna,0,0,D,A,0,0,D,https://www.football-data.co.uk/mmz4281/1516/SP1.csv,0,0,D
2015-16,2016-01-03,SP1,La Coruna,Villarreal,1,2,A,H,1,2,L,https://www.football-data.co.uk/mmz4281/1516/SP1.csv,0,1,A
2015-16,2016-01-09,SP1,Real Madrid,La Coruna,5,0,H,A,0,5,L,https://www.football-data.co.uk/mmz4281/1516/SP1.csv,2,0,H
2015-16,2016-01-16,SP1,Sociedad,La Coruna,1,1,D,A,1,1,D,https://www.football-data.co.uk/mmz4281/1516/SP1.csv,0,1,A
2015-16,2016-01-24,SP1,La Coruna,Valencia,1,1,D,H,1,1,D,https://www.football-data.co.uk/mmz4281/1516/SP1.csv,1,0,H
2015-16,2016-02-01,SP1,La Coruna,Vallecano,2,2,D,H,2,2,D,https://www.football-data.co.uk/mmz4281/1516/SP1.csv,1,2,A
2015-16,2016-02-06,SP1,Sp Gijon,La Coruna,1,1,D,A,1,1,D,https://www.football-data.co.uk/mmz4281/1516/SP1.csv,1,1,D
2015-16,2016-02-13,SP1,La Coruna,Betis,2,2,D,H,2,2,D,https://www.football-data.co.uk/mmz4281/1516/SP1.csv,1,2,A
2015-16,2016-02-20,SP1,Espanol,La Coruna,1,0,H,A,0,1,L,https://www.football-data.co.uk/mmz4281/1516/SP1.csv,0,0,D
2015-16,2016-02-28,SP1,La Coruna,Granada,0,1,A,H,0,1,L,https://www.football-data.co.uk/mmz4281/1516/SP1.csv,0,1,A
2015-16,2016-03-02,SP1,Ath Bilbao,La Coruna,4,1,H,A,1,4,L,https://www.football-data.co.uk/mmz4281/1516/SP1.csv,2,0,H
2015-16,2016-03-05,SP1,La Coruna,Malaga,3,3,D,H,3,3,D,https://www.football-data.co.uk/mmz4281/1516/SP1.csv,1,1,D
2015-16,2016-03-12,SP1,Ath Madrid,La Coruna,3,0,H,A,0,3,L,https://www.football-data.co.uk/mmz4281/1516/SP1.csv,1,0,H
2015-16,2016-03-19,SP1,La Coruna,Levante,2,1,H,H,2,1,W,https://www.football-data.co.uk/mmz4281/1516/SP1.csv,1,0,H
2015-16,2016-04-02,SP1,Celta,La Coruna,1,1,D,A,1,1,D,https://www.football-data.co.uk/mmz4281/1516/SP1.csv,1,1,D
2015-16,2016-04-11,SP1,La Coruna,Las Palmas,1,3,A,H,1,3,L,https://www.football-data.co.uk/mmz4281/1516/SP1.csv,0,0,D
2015-16,2016-04-17,SP1,Sevilla,La Coruna,1,1,D,A,1,1,D,https://www.football-data.co.uk/mmz4281/1516/SP1.csv,1,0,H
2015-16,2016-04-20,SP1,La Coruna,Barcelona,0,8,A,H,0,8,L,https://www.football-data.co.uk/mmz4281/1516/SP1.csv,0,2,A
2015-16,2016-04-23,SP1,Eibar,La Coruna,1,1,D,A,1,1,D,https://www.football-data.co.uk/mmz4281/1516/SP1.csv,1,0,H
2015-16,2016-05-01,SP1,La Coruna,Getafe,0,2,A,H,0,2,L,https://www.football-data.co.uk/mmz4281/1516/SP1.csv,0,1,A
2015-16,2016-05-08,SP1,Villarreal,La Coruna,0,2,A,A,2,0,W,https://www.football-data.co.uk/mmz4281/1516/SP1.csv,0,1,A
2015-16,2016-05-14,SP1,La Coruna,Real Madrid,0,2,A,H,0,2,L,https://www.football-data.co.uk/mmz4281/1516/SP1.csv,0,2,A
2016-17,2016-08-19,SP1,La Coruna,Eibar,2,1,H,H,2,1,W,https://www.football-data.co.uk/mmz4281/1617/SP1.csv,0,0,D
2016-17,2016-08-26,SP1,Betis,La Coruna,0,0,D,A,0,0,D,https://www.football-data.co.uk/mmz4281/1617/SP1.csv,0,0,D
2016-17,2016-09-11,SP1,La Coruna,Ath Bilbao,0,1,A,H,0,1,L,https://www.football-data.co.uk/mmz4281/1617/SP1.csv,0,1,A
2016-17,2016-09-19,SP1,Alaves,La Coruna,0,0,D,A,0,0,D,https://www.football-data.co.uk/mmz4281/1617/SP1.csv,0,0,D
2016-17,2016-09-22,SP1,La Coruna,Leganes,1,2,A,H,1,2,L,https://www.football-data.co.uk/mmz4281/1617/SP1.csv,1,0,H
2016-17,2016-09-25,SP1,Ath Madrid,La Coruna,1,0,H,A,0,1,L,https://www.football-data.co.uk/mmz4281/1617/SP1.csv,0,0,D
2016-17,2016-10-01,SP1,La Coruna,Sp Gijon,2,1,H,H,2,1,W,https://www.football-data.co.uk/mmz4281/1617/SP1.csv,1,0,H
2016-17,2016-10-15,SP1,Barcelona,La Coruna,4,0,H,A,0,4,L,https://www.football-data.co.uk/mmz4281/1617/SP1.csv,3,0,H
2016-17,2016-10-23,SP1,Celta,La Coruna,4,1,H,A,1,4,L,https://www.football-data.co.uk/mmz4281/1617/SP1.csv,1,1,D
2016-17,2016-10-31,SP1,La Coruna,Valencia,1,1,D,H,1,1,D,https://www.football-data.co.uk/mmz4281/1617/SP1.csv,1,0,H
2016-17,2016-11-05,SP1,Granada,La Coruna,1,1,D,A,1,1,D,https://www.football-data.co.uk/mmz4281/1617/SP1.csv,0,0,D
2016-17,2016-11-19,SP1,La Coruna,Sevilla,2,3,A,H,2,3,L,https://www.football-data.co.uk/mmz4281/1617/SP1.csv,2,1,H
2016-17,2016-11-26,SP1,Malaga,La Coruna,4,3,H,A,3,4,L,https://www.football-data.co.uk/mmz4281/1617/SP1.csv,2,1,H
2016-17,2016-12-05,SP1,La Coruna,Sociedad,5,1,H,H,5,1,W,https://www.football-data.co.uk/mmz4281/1617/SP1.csv,3,0,H
2016-17,2016-12-10,SP1,Real Madrid,La Coruna,3,2,H,A,2,3,L,https://www.football-data.co.uk/mmz4281/1617/SP1.csv,0,0,D
2016-17,2016-12-18,SP1,La Coruna,Osasuna,2,0,H,H,2,0,W,https://www.football-data.co.uk/mmz4281/1617/SP1.csv,2,0,H
2016-17,2017-01-06,SP1,Espanol,La Coruna,1,1,D,A,1,1,D,https://www.football-data.co.uk/mmz4281/1617/SP1.csv,0,0,D
2016-17,2017-01-14,SP1,La Coruna,Villarreal,0,0,D,H,0,0,D,https://www.football-data.co.uk/mmz4281/1617/SP1.csv,0,0,D
2016-17,2017-01-20,SP1,Las Palmas,La Coruna,1,1,D,A,1,1,D,https://www.football-data.co.uk/mmz4281/1617/SP1.csv,1,0,H
2016-17,2017-01-28,SP1,Eibar,La Coruna,3,1,H,A,1,3,L,https://www.football-data.co.uk/mmz4281/1617/SP1.csv,2,1,H
2016-17,2017-02-11,SP1,Ath Bilbao,La Coruna,2,1,H,A,1,2,L,https://www.football-data.co.uk/mmz4281/1617/SP1.csv,0,1,A
2016-17,2017-02-18,SP1,La Coruna,Alaves,0,1,A,H,0,1,L,https://www.football-data.co.uk/mmz4281/1617/SP1.csv,0,0,D
2016-17,2017-02-25,SP1,Leganes,La Coruna,4,0,H,A,0,4,L,https://www.football-data.co.uk/mmz4281/1617/SP1.csv,2,0,H
2016-17,2017-03-02,SP1,La Coruna,Ath Madrid,1,1,D,H,1,1,D,https://www.football-data.co.uk/mmz4281/1617/SP1.csv,1,0,H
2016-17,2017-03-05,SP1,Sp Gijon,La Coruna,0,1,A,A,1,0,W,https://www.football-data.co.uk/mmz4281/1617/SP1.csv,0,1,A
2016-17,2017-03-08,SP1,La Coruna,Betis,1,1,D,H,1,1,D,https://www.football-data.co.uk/mmz4281/1617/SP1.csv,0,0,D
2016-17,2017-03-12,SP1,La Coruna,Barcelona,2,1,H,H,2,1,W,https://www.football-data.co.uk/mmz4281/1617/SP1.csv,1,0,H
2016-17,2017-03-19,SP1,La Coruna,Celta,0,1,A,H,0,1,L,https://www.football-data.co.uk/mmz4281/1617/SP1.csv,0,0,D
2016-17,2017-04-02,SP1,Valencia,La Coruna,3,0,H,A,0,3,L,https://www.football-data.co.uk/mmz4281/1617/SP1.csv,2,0,H
2016-17,2017-04-05,SP1,La Coruna,Granada,0,0,D,H,0,0,D,https://www.football-data.co.uk/mmz4281/1617/SP1.csv,0,0,D
2016-17,2017-04-08,SP1,Sevilla,La Coruna,4,2,H,A,2,4,L,https://www.football-data.co.uk/mmz4281/1617/SP1.csv,3,2,H
2016-17,2017-04-15,SP1,La Coruna,Malaga,2,0,H,H,2,0,W,https://www.football-data.co.uk/mmz4281/1617/SP1.csv,0,0,D
2016-17,2017-04-23,SP1,Sociedad,La Coruna,1,0,H,A,0,1,L,https://www.football-data.co.uk/mmz4281/1617/SP1.csv,1,0,H
2016-17,2017-04-26,SP1,La Coruna,Real Madrid,2,6,A,H,2,6,L,https://www.football-data.co.uk/mmz4281/1617/SP1.csv,1,3,A
2016-17,2017-04-30,SP1,Osasuna,La Coruna,2,2,D,A,2,2,D,https://www.football-data.co.uk/mmz4281/1617/SP1.csv,1,1,D
2016-17,2017-05-07,SP1,La Coruna,Espanol,1,2,A,H,1,2,L,https://www.football-data.co.uk/mmz4281/1617/SP1.csv,0,2,A
2016-17,2017-05-14,SP1,Villarreal,La Coruna,0,0,D,A,0,0,D,https://www.football-data.co.uk/mmz4281/1617/SP1.csv,0,0,D
2016-17,2017-05-20,SP1,La Coruna,Las Palmas,3,0,H,H,3,0,W,https://www.football-data.co.uk/mmz4281/1617/SP1.csv,3,0,H
2017-18,2017-08-20,SP1,La Coruna,Real Madrid,0,3,A,H,0,3,L,https://www.football-data.co.uk/mmz4281/1718/SP1.csv,0,2,A
2017-18,2017-08-26,SP1,Levante,La Coruna,2,2,D,A,2,2,D,https://www.football-data.co.uk/mmz4281/1718/SP1.csv,1,2,A
2017-18,2017-09-10,SP1,La Coruna,Sociedad,2,4,A,H,2,4,L,https://www.football-data.co.uk/mmz4281/1718/SP1.csv,1,2,A
2017-18,2017-09-16,SP1,Betis,La Coruna,2,1,H,A,1,2,L,https://www.football-data.co.uk/mmz4281/1718/SP1.csv,1,1,D
2017-18,2017-09-20,SP1,La Coruna,Alaves,1,0,H,H,1,0,W,https://www.football-data.co.uk/mmz4281/1718/SP1.csv,1,0,H
2017-18,2017-09-24,SP1,Espanol,La Coruna,4,1,H,A,1,4,L,https://www.football-data.co.uk/mmz4281/1718/SP1.csv,2,0,H
2017-18,2017-09-30,SP1,La Coruna,Getafe,2,1,H,H,2,1,W,https://www.football-data.co.uk/mmz4281/1718/SP1.csv,0,0,D
2017-18,2017-10-15,SP1,Eibar,La Coruna,0,0,D,A,0,0,D,https://www.football-data.co.uk/mmz4281/1718/SP1.csv,0,0,D
2017-18,2017-10-23,SP1,La Coruna,Girona,1,2,A,H,1,2,L,https://www.football-data.co.uk/mmz4281/1718/SP1.csv,0,1,A
2017-18,2017-10-30,SP1,Las Palmas,La Coruna,1,3,A,A,3,1,W,https://www.football-data.co.uk/mmz4281/1718/SP1.csv,1,1,D
2017-18,2017-11-04,SP1,La Coruna,Ath Madrid,0,1,A,H,0,1,L,https://www.football-data.co.uk/mmz4281/1718/SP1.csv,0,0,D
2017-18,2017-11-19,SP1,Malaga,La Coruna,3,2,H,A,2,3,L,https://www.football-data.co.uk/mmz4281/1718/SP1.csv,1,1,D
2017-18,2017-11-26,SP1,La Coruna,Ath Bilbao,2,2,D,H,2,2,D,https://www.football-data.co.uk/mmz4281/1718/SP1.csv,1,1,D
2017-18,2017-12-02,SP1,Sevilla,La Coruna,2,0,H,A,0,2,L,https://www.football-data.co.uk/mmz4281/1718/SP1.csv,1,0,H
2017-18,2017-12-09,SP1,La Coruna,Leganes,1,0,H,H,1,0,W,https://www.football-data.co.uk/mmz4281/1718/SP1.csv,1,0,H
2017-18,2017-12-17,SP1,Barcelona,La Coruna,4,0,H,A,0,4,L,https://www.football-data.co.uk/mmz4281/1718/SP1.csv,2,0,H
2017-18,2017-12-23,SP1,La Coruna,Celta,1,3,A,H,1,3,L,https://www.football-data.co.uk/mmz4281/1718/SP1.csv,0,2,A
2017-18,2018-01-07,SP1,Villarreal,La Coruna,1,1,D,A,1,1,D,https://www.football-data.co.uk/mmz4281/1718/SP1.csv,1,0,H
2017-18,2018-01-13,SP1,La Coruna,Valencia,1,2,A,H,1,2,L,https://www.football-data.co.uk/mmz4281/1718/SP1.csv,0,1,A
2017-18,2018-01-21,SP1,Real Madrid,La Coruna,7,1,H,A,1,7,L,https://www.football-data.co.uk/mmz4281/1718/SP1.csv,2,1,H
2017-18,2018-01-27,SP1,La Coruna,Levante,2,2,D,H,2,2,D,https://www.football-data.co.uk/mmz4281/1718/SP1.csv,2,0,H
2017-18,2018-02-02,SP1,Sociedad,La Coruna,5,0,H,A,0,5,L,https://www.football-data.co.uk/mmz4281/1718/SP1.csv,1,0,H
2017-18,2018-02-12,SP1,La Coruna,Betis,0,1,A,H,0,1,L,https://www.football-data.co.uk/mmz4281/1718/SP1.csv,0,0,D
2017-18,2018-02-17,SP1,Alaves,La Coruna,1,0,H,A,0,1,L,https://www.football-data.co.uk/mmz4281/1718/SP1.csv,0,0,D
2017-18,2018-02-23,SP1,La Coruna,Espanol,0,0,D,H,0,0,D,https://www.football-data.co.uk/mmz4281/1718/SP1.csv,0,0,D
2017-18,2018-02-28,SP1,Getafe,La Coruna,3,0,H,A,0,3,L,https://www.football-data.co.uk/mmz4281/1718/SP1.csv,2,0,H
2017-18,2018-03-03,SP1,La Coruna,Eibar,1,1,D,H,1,1,D,https://www.football-data.co.uk/mmz4281/1718/SP1.csv,1,1,D
2017-18,2018-03-09,SP1,Girona,La Coruna,2,0,H,A,0,2,L,https://www.football-data.co.uk/mmz4281/1718/SP1.csv,1,0,H
2017-18,2018-03-17,SP1,La Coruna,Las Palmas,1,1,D,H,1,1,D,https://www.football-data.co.uk/mmz4281/1718/SP1.csv,1,1,D
2017-18,2018-04-01,SP1,Ath Madrid,La Coruna,1,0,H,A,0,1,L,https://www.football-data.co.uk/mmz4281/1718/SP1.csv,1,0,H
2017-18,2018-04-06,SP1,La Coruna,Malaga,3,2,H,H,3,2,W,https://www.football-data.co.uk/mmz4281/1718/SP1.csv,1,1,D
2017-18,2018-04-14,SP1,Ath Bilbao,La Coruna,2,3,A,A,3,2,W,https://www.football-data.co.uk/mmz4281/1718/SP1.csv,0,2,A
2017-18,2018-04-17,SP1,La Coruna,Sevilla,0,0,D,H,0,0,D,https://www.football-data.co.uk/mmz4281/1718/SP1.csv,0,0,D
2017-18,2018-04-20,SP1,Leganes,La Coruna,0,0,D,A,0,0,D,https://www.football-data.co.uk/mmz4281/1718/SP1.csv,0,0,D
2017-18,2018-04-29,SP1,La Coruna,Barcelona,2,4,A,H,2,4,L,https://www.football-data.co.uk/mmz4281/1718/SP1.csv,1,2,A
2017-18,2018-05-05,SP1,Celta,La Coruna,1,1,D,A,1,1,D,https://www.football-data.co.uk/mmz4281/1718/SP1.csv,1,0,H
2017-18,2018-05-12,SP1,La Coruna,Villarreal,2,4,A,H,2,4,L,https://www.football-data.co.uk/mmz4281/1718/SP1.csv,0,3,A
2017-18,2018-05-20,SP1,Valencia,La Coruna,2,1,H,A,1,2,L,https://www.football-data.co.uk/mmz4281/1718/SP1.csv,1,0,H
2018-19,2018-08-17,SP2,Albacete,La Coruna,1,1,D,A,1,1,D,https://www.football-data.co.uk/mmz4281/1819/SP2.csv,0,0,D
2018-19,2018-08-24,SP2,Extremadura UD,La Coruna,0,1,A,A,1,0,W,https://www.football-data.co.uk/mmz4281/1819/SP2.csv,0,0,D
2018-19,2018-09-01,SP2,Tenerife,La Coruna,2,2,D,A,2,2,D,https://www.football-data.co.uk/mmz4281/1819/SP2.csv,0,1,A
2018-19,2018-09-09,SP2,La Coruna,Sp Gijon,1,0,H,H,1,0,W,https://www.football-data.co.uk/mmz4281/1819/SP2.csv,0,0,D
2018-19,2018-09-15,SP2,Alcorcon,La Coruna,1,0,H,A,0,1,L,https://www.football-data.co.uk/mmz4281/1819/SP2.csv,1,0,H
2018-19,2018-09-24,SP2,La Coruna,Granada,2,1,H,H,2,1,W,https://www.football-data.co.uk/mmz4281/1819/SP2.csv,0,0,D
2018-19,2018-09-30,SP2,Gimnastic,La Coruna,1,3,A,A,3,1,W,https://www.football-data.co.uk/mmz4281/1819/SP2.csv,1,1,D
2018-19,2018-10-07,SP2,La Coruna,Malaga,1,1,D,H,1,1,D,https://www.football-data.co.uk/mmz4281/1819/SP2.csv,0,0,D
2018-19,2018-10-12,SP2,La Coruna,Elche,4,0,H,H,4,0,W,https://www.football-data.co.uk/mmz4281/1819/SP2.csv,1,0,H
2018-19,2018-10-20,SP2,Cordoba,La Coruna,1,1,D,A,1,1,D,https://www.football-data.co.uk/mmz4281/1819/SP2.csv,0,1,A
2018-19,2018-10-27,SP2,La Coruna,Reus Deportiu,2,0,H,H,2,0,W,https://www.football-data.co.uk/mmz4281/1819/SP2.csv,1,0,H
2018-19,2018-11-03,SP2,Las Palmas,La Coruna,1,1,D,A,1,1,D,https://www.football-data.co.uk/mmz4281/1819/SP2.csv,0,0,D
2018-19,2018-11-10,SP2,La Coruna,Oviedo,4,0,H,H,4,0,W,https://www.football-data.co.uk/mmz4281/1819/SP2.csv,1,0,H
2018-19,2018-11-19,SP2,Almeria,La Coruna,1,1,D,A,1,1,D,https://www.football-data.co.uk/mmz4281/1819/SP2.csv,0,0,D
2018-19,2018-11-24,SP2,La Coruna,Osasuna,2,0,H,H,2,0,W,https://www.football-data.co.uk/mmz4281/1819/SP2.csv,1,0,H
2018-19,2018-12-02,SP2,Rayo Majadahonda,La Coruna,0,0,D,A,0,0,D,https://www.football-data.co.uk/mmz4281/1819/SP2.csv,0,0,D
2018-19,2018-12-08,SP2,La Coruna,Numancia,2,2,D,H,2,2,D,https://www.football-data.co.uk/mmz4281/1819/SP2.csv,2,0,H
2018-19,2018-12-16,SP2,La Coruna,Zaragoza,3,1,H,H,3,1,W,https://www.football-data.co.uk/mmz4281/1819/SP2.csv,3,1,H
2018-19,2018-12-22,SP2,Cadiz,La Coruna,3,0,H,A,0,3,L,https://www.football-data.co.uk/mmz4281/1819/SP2.csv,1,0,H
2018-19,2019-01-06,SP2,La Coruna,Lugo,0,0,D,H,0,0,D,https://www.football-data.co.uk/mmz4281/1819/SP2.csv,0,0,D
2018-19,2019-01-12,SP2,Mallorca,La Coruna,1,0,H,A,0,1,L,https://www.football-data.co.uk/mmz4281/1819/SP2.csv,0,0,D
2018-19,2019-01-20,SP2,La Coruna,Albacete,2,0,H,H,2,0,W,https://www.football-data.co.uk/mmz4281/1819/SP2.csv,1,0,H
2018-19,2019-01-27,SP2,Sp Gijon,La Coruna,1,2,A,A,2,1,W,https://www.football-data.co.uk/mmz4281/1819/SP2.csv,1,2,A
2018-19,2019-02-02,SP2,La Coruna,Tenerife,0,0,D,H,0,0,D,https://www.football-data.co.uk/mmz4281/1819/SP2.csv,0,0,D
2018-19,2019-02-10,SP2,Granada,La Coruna,0,1,A,A,1,0,W,https://www.football-data.co.uk/mmz4281/1819/SP2.csv,0,0,D
2018-19,2019-02-16,SP2,La Coruna,Gimnastic,1,1,D,H,1,1,D,https://www.football-data.co.uk/mmz4281/1819/SP2.csv,0,0,D
2018-19,2019-02-24,SP2,Malaga,La Coruna,0,0,D,A,0,0,D,https://www.football-data.co.uk/mmz4281/1819/SP2.csv,0,0,D
2018-19,2019-03-04,SP2,La Coruna,Alcorcon,2,2,D,H,2,2,D,https://www.football-data.co.uk/mmz4281/1819/SP2.csv,1,1,D
2018-19,2019-03-10,SP2,La Coruna,Las Palmas,0,1,A,H,0,1,L,https://www.football-data.co.uk/mmz4281/1819/SP2.csv,0,0,D
2018-19,2019-03-17,SP2,Reus Deportiu,La Coruna,0,1,A,A,1,0,W,https://www.football-data.co.uk/mmz4281/1819/SP2.csv,,,
2018-19,2019-03-22,SP2,La Coruna,Almeria,0,0,D,H,0,0,D,https://www.football-data.co.uk/mmz4281/1819/SP2.csv,0,0,D
2018-19,2019-03-31,SP2,Oviedo,La Coruna,1,1,D,A,1,1,D,https://www.football-data.co.uk/mmz4281/1819/SP2.csv,1,0,H
2018-19,2019-04-06,SP2,La Coruna,Rayo Majadahonda,0,2,A,H,0,2,L,https://www.football-data.co.uk/mmz4281/1819/SP2.csv,0,0,D
2018-19,2019-04-13,SP2,Osasuna,La Coruna,2,1,H,A,1,2,L,https://www.football-data.co.uk/mmz4281/1819/SP2.csv,2,1,H
2018-19,2019-04-21,SP2,La Coruna,Extremadura UD,1,2,A,H,1,2,L,https://www.football-data.co.uk/mmz4281/1819/SP2.csv,0,1,A
2018-19,2019-04-26,SP2,Numancia,La Coruna,1,2,A,A,2,1,W,https://www.football-data.co.uk/mmz4281/1819/SP2.csv,0,2,A
2018-19,2019-05-04,SP2,Zaragoza,La Coruna,0,1,A,A,1,0,W,https://www.football-data.co.uk/mmz4281/1819/SP2.csv,0,0,D
2018-19,2019-05-12,SP2,La Coruna,Cadiz,1,1,D,H,1,1,D,https://www.football-data.co.uk/mmz4281/1819/SP2.csv,1,0,H
2018-19,2019-05-19,SP2,Lugo,La Coruna,1,0,H,A,0,1,L,https://www.football-data.co.uk/mmz4281/1819/SP2.csv,0,0,D
2018-19,2019-05-27,SP2,La Coruna,Mallorca,1,0,H,H,1,0,W,https://www.football-data.co.uk/mmz4281/1819/SP2.csv,0,0,D
2018-19,2019-06-04,SP2,Elche,La Coruna,0,0,D,A,0,0,D,https://www.football-data.co.uk/mmz4281/1819/SP2.csv,0,0,D
2018-19,2019-06-08,SP2,La Coruna,Cordoba,2,0,H,H,2,0,W,https://www.football-data.co.uk/mmz4281/1819/SP2.csv,1,0,H
2019-20,2019-08-18,SP2,La Coruna,Oviedo,3,2,H,H,3,2,W,https://www.football-data.co.uk/mmz4281/1920/SP2.csv,1,0,H
2019-20,2019-08-25,SP2,Huesca,La Coruna,3,1,H,A,1,3,L,https://www.football-data.co.uk/mmz4281/1920/SP2.csv,2,0,H
2019-20,2019-09-01,SP2,Vallecano,La Coruna,3,1,H,A,1,3,L,https://www.football-data.co.uk/mmz4281/1920/SP2.csv,2,1,H
2019-20,2019-09-07,SP2,La Coruna,Albacete,0,1,A,H,0,1,L,https://www.football-data.co.uk/mmz4281/1920/SP2.csv,0,0,D
2019-20,2019-09-15,SP2,Sp Gijon,La Coruna,1,1,D,A,1,1,D,https://www.football-data.co.uk/mmz4281/1920/SP2.csv,1,0,H
2019-20,2019-09-18,SP2,La Coruna,Numancia,3,3,D,H,3,3,D,https://www.football-data.co.uk/mmz4281/1920/SP2.csv,0,1,A
2019-20,2019-09-21,SP2,Cadiz,La Coruna,0,0,D,A,0,0,D,https://www.football-data.co.uk/mmz4281/1920/SP2.csv,0,0,D
2019-20,2019-09-29,SP2,La Coruna,Mirandes,1,1,D,H,1,1,D,https://www.football-data.co.uk/mmz4281/1920/SP2.csv,0,0,D
2019-20,2019-10-03,SP2,Girona,La Coruna,3,1,H,A,1,3,L,https://www.football-data.co.uk/mmz4281/1920/SP2.csv,2,0,H
2019-20,2019-10-06,SP2,La Coruna,Almeria,0,0,D,H,0,0,D,https://www.football-data.co.uk/mmz4281/1920/SP2.csv,0,0,D
2019-20,2019-10-13,SP2,Las Palmas,La Coruna,3,0,H,A,0,3,L,https://www.football-data.co.uk/mmz4281/1920/SP2.csv,2,0,H
2019-20,2019-10-20,SP2,La Coruna,Malaga,0,2,A,H,0,2,L,https://www.football-data.co.uk/mmz4281/1920/SP2.csv,0,1,A
2019-20,2019-10-26,SP2,Santander,La Coruna,1,1,D,A,1,1,D,https://www.football-data.co.uk/mmz4281/1920/SP2.csv,1,0,H
2019-20,2019-11-02,SP2,Fuenlabrada,La Coruna,1,1,D,A,1,1,D,https://www.football-data.co.uk/mmz4281/1920/SP2.csv,1,0,H
2019-20,2019-11-10,SP2,La Coruna,Elche,1,3,A,H,1,3,L,https://www.football-data.co.uk/mmz4281/1920/SP2.csv,1,1,D
2019-20,2019-11-16,SP2,Extremadura UD,La Coruna,2,0,H,A,0,2,L,https://www.football-data.co.uk/mmz4281/1920/SP2.csv,2,0,H
2019-20,2019-11-23,SP2,La Coruna,Alcorcon,0,0,D,H,0,0,D,https://www.football-data.co.uk/mmz4281/1920/SP2.csv,0,0,D
2019-20,2019-12-01,SP2,Lugo,La Coruna,0,0,D,A,0,0,D,https://www.football-data.co.uk/mmz4281/1920/SP2.csv,0,0,D
2019-20,2019-12-08,SP2,La Coruna,Zaragoza,1,3,A,H,1,3,L,https://www.football-data.co.uk/mmz4281/1920/SP2.csv,0,2,A
2019-20,2019-12-14,SP2,Ponferradina,La Coruna,2,0,H,A,0,2,L,https://www.football-data.co.uk/mmz4281/1920/SP2.csv,2,0,H
2019-20,2019-12-20,SP2,La Coruna,Tenerife,2,1,H,H,2,1,W,https://www.football-data.co.uk/mmz4281/1920/SP2.csv,1,0,H
2019-20,2020-01-05,SP2,Numancia,La Coruna,0,1,A,A,1,0,W,https://www.football-data.co.uk/mmz4281/1920/SP2.csv,0,0,D
2019-20,2020-01-16,SP2,La Coruna,Santander,2,1,H,H,2,1,W,https://www.football-data.co.uk/mmz4281/1920/SP2.csv,1,1,D
2019-20,2020-01-19,SP2,La Coruna,Cadiz,1,0,H,H,1,0,W,https://www.football-data.co.uk/mmz4281/1920/SP2.csv,0,0,D
2019-20,2020-01-26,SP2,Albacete,La Coruna,0,1,A,A,1,0,W,https://www.football-data.co.uk/mmz4281/1920/SP2.csv,0,1,A
2019-20,2020-02-01,SP2,La Coruna,Las Palmas,2,1,H,H,2,1,W,https://www.football-data.co.uk/mmz4281/1920/SP2.csv,1,0,H
2019-20,2020-02-09,SP2,Alcorcon,La Coruna,0,1,A,A,1,0,W,https://www.football-data.co.uk/mmz4281/1920/SP2.csv,0,0,D
2019-20,2020-02-14,SP2,La Coruna,Girona,2,2,D,H,2,2,D,https://www.football-data.co.uk/mmz4281/1920/SP2.csv,1,0,H
2019-20,2020-02-23,SP2,Zaragoza,La Coruna,3,1,H,A,1,3,L,https://www.football-data.co.uk/mmz4281/1920/SP2.csv,2,1,H
2019-20,2020-03-01,SP2,La Coruna,Lugo,0,0,D,H,0,0,D,https://www.football-data.co.uk/mmz4281/1920/SP2.csv,0,0,D
2019-20,2020-03-07,SP2,Almeria,La Coruna,4,0,H,A,0,4,L,https://www.football-data.co.uk/mmz4281/1920/SP2.csv,2,0,H
2019-20,2020-06-14,SP2,La Coruna,Sp Gijon,0,0,D,H,0,0,D,https://www.football-data.co.uk/mmz4281/1920/SP2.csv,0,0,D
2019-20,2020-06-17,SP2,Oviedo,La Coruna,2,2,D,A,2,2,D,https://www.football-data.co.uk/mmz4281/1920/SP2.csv,2,1,H
2019-20,2020-06-20,SP2,La Coruna,Vallecano,3,3,D,H,3,3,D,https://www.football-data.co.uk/mmz4281/1920/SP2.csv,0,2,A
2019-20,2020-06-23,SP2,Elche,La Coruna,0,1,A,A,1,0,W,https://www.football-data.co.uk/mmz4281/1920/SP2.csv,0,0,D
2019-20,2020-06-27,SP2,La Coruna,Ponferradina,2,1,H,H,2,1,W,https://www.football-data.co.uk/mmz4281/1920/SP2.csv,0,0,D
2019-20,2020-06-30,SP2,Tenerife,La Coruna,1,1,D,A,1,1,D,https://www.football-data.co.uk/mmz4281/1920/SP2.csv,0,0,D
2019-20,2020-07-05,SP2,La Coruna,Huesca,2,1,H,H,2,1,W,https://www.football-data.co.uk/mmz4281/1920/SP2.csv,2,1,H
2019-20,2020-07-08,SP2,Malaga,La Coruna,1,0,H,A,0,1,L,https://www.football-data.co.uk/mmz4281/1920/SP2.csv,0,0,D
2019-20,2020-07-12,SP2,La Coruna,Extremadura UD,2,3,A,H,2,3,L,https://www.football-data.co.uk/mmz4281/1920/SP2.csv,1,0,H
2019-20,2020-07-17,SP2,Mirandes,La Coruna,1,0,H,A,0,1,L,https://www.football-data.co.uk/mmz4281/1920/SP2.csv,1,0,H
2019-20,2020-08-07,SP2,La Coruna,Fuenlabrada,2,1,H,H,2,1,W,https://www.football-data.co.uk/mmz4281/1920/SP2.csv,0,1,A
2024-25,2024-08-17,SP2,La Coruna,Oviedo,0,1,A,H,0,1,L,https://www.football-data.co.uk/mmz4281/2425/SP2.csv,0,1,A
2024-25,2024-08-23,SP2,Huesca,La Coruna,2,1,H,A,1,2,L,https://www.football-data.co.uk/mmz4281/2425/SP2.csv,1,0,H
2024-25,2024-09-01,SP2,La Coruna,Ferrol,1,0,H,H,1,0,W,https://www.football-data.co.uk/mmz4281/2425/SP2.csv,0,0,D
2024-25,2024-09-07,SP2,Granada,La Coruna,1,1,D,A,1,1,D,https://www.football-data.co.uk/mmz4281/2425/SP2.csv,1,0,H
2024-25,2024-09-13,SP2,Cordoba,La Coruna,2,0,H,A,0,2,L,https://www.football-data.co.uk/mmz4281/2425/SP2.csv,1,0,H
2024-25,2024-09-21,SP2,La Coruna,Burgos,0,2,A,H,0,2,L,https://www.football-data.co.uk/mmz4281/2425/SP2.csv,0,0,D
2024-25,2024-09-27,SP2,Albacete,La Coruna,2,5,A,A,5,2,W,https://www.football-data.co.uk/mmz4281/2425/SP2.csv,1,2,A
2024-25,2024-10-06,SP2,La Coruna,Malaga,0,0,D,H,0,0,D,https://www.football-data.co.uk/mmz4281/2425/SP2.csv,0,0,D
2024-25,2024-10-13,SP2,Elche,La Coruna,0,0,D,A,0,0,D,https://www.football-data.co.uk/mmz4281/2425/SP2.csv,0,0,D
2024-25,2024-10-19,SP2,La Coruna,Eldense,1,1,D,H,1,1,D,https://www.football-data.co.uk/mmz4281/2425/SP2.csv,1,1,D
2024-25,2024-10-24,SP2,Levante,La Coruna,2,1,H,A,1,2,L,https://www.football-data.co.uk/mmz4281/2425/SP2.csv,2,0,H
2024-25,2024-10-27,SP2,La Coruna,Santander,1,2,A,H,1,2,L,https://www.football-data.co.uk/mmz4281/2425/SP2.csv,0,2,A
2024-25,2024-11-02,SP2,Cartagena,La Coruna,1,5,A,A,5,1,W,https://www.football-data.co.uk/mmz4281/2425/SP2.csv,0,2,A
2024-25,2024-11-11,SP2,La Coruna,Eibar,1,0,H,H,1,0,W,https://www.football-data.co.uk/mmz4281/2425/SP2.csv,0,0,D
2024-25,2024-11-17,SP2,Almeria,La Coruna,2,1,H,A,1,2,L,https://www.football-data.co.uk/mmz4281/2425/SP2.csv,2,1,H
2024-25,2024-11-24,SP2,La Coruna,Sp Gijon,1,1,D,H,1,1,D,https://www.football-data.co.uk/mmz4281/2425/SP2.csv,0,0,D
2024-25,2024-11-30,SP2,Cadiz,La Coruna,2,4,A,A,4,2,W,https://www.football-data.co.uk/mmz4281/2425/SP2.csv,1,1,D
2024-25,2024-12-07,SP2,La Coruna,Zaragoza,1,1,D,H,1,1,D,https://www.football-data.co.uk/mmz4281/2425/SP2.csv,1,0,H
2024-25,2024-12-19,SP2,La Coruna,Castellon,5,1,H,H,5,1,W,https://www.football-data.co.uk/mmz4281/2425/SP2.csv,3,1,H
2024-25,2024-12-22,SP2,La Coruna,Mirandes,0,4,A,H,0,4,L,https://www.football-data.co.uk/mmz4281/2425/SP2.csv,0,2,A
2024-25,2025-01-11,SP2,Malaga,La Coruna,1,1,D,A,1,1,D,https://www.football-data.co.uk/mmz4281/2425/SP2.csv,0,0,D
2024-25,2025-01-19,SP2,Burgos,La Coruna,0,1,A,A,1,0,W,https://www.football-data.co.uk/mmz4281/2425/SP2.csv,0,0,D
2024-25,2025-01-25,SP2,La Coruna,Levante,1,2,A,H,1,2,L,https://www.football-data.co.uk/mmz4281/2425/SP2.csv,0,0,D
2024-25,2025-01-29,SP2,Tenerife,La Coruna,0,0,D,A,0,0,D,https://www.football-data.co.uk/mmz4281/2425/SP2.csv,0,0,D
2024-25,2025-02-02,SP2,Eibar,La Coruna,0,1,A,A,1,0,W,https://www.football-data.co.uk/mmz4281/2425/SP2.csv,0,1,A
2024-25,2025-02-09,SP2,La Coruna,Almeria,3,1,H,H,3,1,W,https://www.football-data.co.uk/mmz4281/2425/SP2.csv,3,0,H
2024-25,2025-02-16,SP2,Eldense,La Coruna,2,0,H,A,0,2,L,https://www.football-data.co.uk/mmz4281/2425/SP2.csv,0,0,D
2024-25,2025-02-23,SP2,La Coruna,Huesca,0,0,D,H,0,0,D,https://www.football-data.co.uk/mmz4281/2425/SP2.csv,0,0,D
2024-25,2025-03-02,SP2,Oviedo,La Coruna,1,2,A,A,2,1,W,https://www.football-data.co.uk/mmz4281/2425/SP2.csv,1,1,D
2024-25,2025-03-07,SP2,La Coruna,Cordoba,1,1,D,H,1,1,D,https://www.football-data.co.uk/mmz4281/2425/SP2.csv,0,0,D
2024-25,2025-03-17,SP2,Castellon,La Coruna,2,2,D,A,2,2,D,https://www.football-data.co.uk/mmz4281/2425/SP2.csv,1,1,D
2024-25,2025-03-23,SP2,La Coruna,Cartagena,2,2,D,H,2,2,D,https://www.football-data.co.uk/mmz4281/2425/SP2.csv,0,0,D
2024-25,2025-03-29,SP2,Ferrol,La Coruna,0,1,A,A,1,0,W,https://www.football-data.co.uk/mmz4281/2425/SP2.csv,0,1,A
2024-25,2025-04-06,SP2,La Coruna,Cadiz,1,0,H,H,1,0,W,https://www.football-data.co.uk/mmz4281/2425/SP2.csv,0,0,D
2024-25,2025-04-13,SP2,Mirandes,La Coruna,2,2,D,A,2,2,D,https://www.football-data.co.uk/mmz4281/2425/SP2.csv,0,1,A
2024-25,2025-04-20,SP2,La Coruna,Tenerife,0,0,D,H,0,0,D,https://www.football-data.co.uk/mmz4281/2425/SP2.csv,0,0,D
2024-25,2025-04-27,SP2,Santander,La Coruna,2,1,H,A,1,2,L,https://www.football-data.co.uk/mmz4281/2425/SP2.csv,2,0,H
2024-25,2025-05-04,SP2,La Coruna,Albacete,5,1,H,H,5,1,W,https://www.football-data.co.uk/mmz4281/2425/SP2.csv,2,1,H
2024-25,2025-05-10,SP2,Sp Gijon,La Coruna,2,1,H,A,1,2,L,https://www.football-data.co.uk/mmz4281/2425/SP2.csv,2,0,H
2024-25,2025-05-17,SP2,La Coruna,Granada,2,3,A,H,2,3,L,https://www.football-data.co.uk/mmz4281/2425/SP2.csv,0,2,A
2024-25,2025-05-25,SP2,Zaragoza,La Coruna,1,0,H,A,0,1,L,https://www.football-data.co.uk/mmz4281/2425/SP2.csv,0,0,D
2024-25,2025-06-01,SP2,La Coruna,Elche,0,4,A,H,0,4,L,https://www.football-data.co.uk/mmz4281/2425/SP2.csv,0,3,A
2025-26,2025-08-16,SP2,Granada,La Coruna,1,3,A,A,3,1,W,https://www.football-data.co.uk/mmz4281/2526/SP2.csv,0,1,A
2025-26,2025-08-24,SP2,La Coruna,Burgos,0,0,D,H,0,0,D,https://www.football-data.co.uk/mmz4281/2526/SP2.csv,0,0,D
2025-26,2025-09-01,SP2,Leganes,La Coruna,2,2,D,A,2,2,D,https://www.football-data.co.uk/mmz4281/2526/SP2.csv,2,0,H
2025-26,2025-09-06,SP2,La Coruna,Sp Gijon,1,0,H,H,1,0,W,https://www.football-data.co.uk/mmz4281/2526/SP2.csv,0,0,D
2025-26,2025-09-13,SP2,Mirandes,La Coruna,1,5,A,A,5,1,W,https://www.football-data.co.uk/mmz4281/2526/SP2.csv,0,2,A
2025-26,2025-09-19,SP2,La Coruna,Huesca,4,0,H,H,4,0,W,https://www.football-data.co.uk/mmz4281/2526/SP2.csv,3,0,H
2025-26,2025-09-27,SP2,Eibar,La Coruna,1,1,D,A,1,1,D,https://www.football-data.co.uk/mmz4281/2526/SP2.csv,0,1,A
2025-26,2025-10-04,SP2,La Coruna,Almeria,1,1,D,H,1,1,D,https://www.football-data.co.uk/mmz4281/2526/SP2.csv,0,1,A
2025-26,2025-10-12,SP2,Malaga,La Coruna,3,0,H,A,0,3,L,https://www.football-data.co.uk/mmz4281/2526/SP2.csv,2,0,H
2025-26,2025-10-19,SP2,Santander,La Coruna,2,1,H,A,1,2,L,https://www.football-data.co.uk/mmz4281/2526/SP2.csv,1,1,D
2025-26,2025-10-26,SP2,La Coruna,Valladolid,1,1,D,H,1,1,D,https://www.football-data.co.uk/mmz4281/2526/SP2.csv,0,1,A
2025-26,2025-11-02,SP2,Zaragoza,La Coruna,0,2,A,A,2,0,W,https://www.football-data.co.uk/mmz4281/2526/SP2.csv,0,0,D
2025-26,2025-11-08,SP2,La Coruna,Cultural Leonesa,3,0,H,H,3,0,W,https://www.football-data.co.uk/mmz4281/2526/SP2.csv,2,0,H
2025-26,2025-11-16,SP2,Cordoba,La Coruna,1,3,A,A,3,1,W,https://www.football-data.co.uk/mmz4281/2526/SP2.csv,0,0,D
2025-26,2025-11-23,SP2,La Coruna,Ceuta,2,1,H,H,2,1,W,https://www.football-data.co.uk/mmz4281/2526/SP2.csv,1,0,H
2025-26,2025-11-29,SP2,Albacete,La Coruna,0,2,A,A,2,0,W,https://www.football-data.co.uk/mmz4281/2526/SP2.csv,0,1,A
2025-26,2025-12-07,SP2,La Coruna,Castellon,1,3,A,H,1,3,L,https://www.football-data.co.uk/mmz4281/2526/SP2.csv,1,0,H
2025-26,2025-12-13,SP2,La Coruna,Sociedad B,0,3,A,H,0,3,L,https://www.football-data.co.uk/mmz4281/2526/SP2.csv,0,1,A
2025-26,2025-12-20,SP2,Andorra,La Coruna,1,0,H,A,0,1,L,https://www.football-data.co.uk/mmz4281/2526/SP2.csv,0,0,D
2025-26,2026-01-04,SP2,La Coruna,Cadiz,2,2,D,H,2,2,D,https://www.football-data.co.uk/mmz4281/2526/SP2.csv,2,1,H
2025-26,2026-01-10,SP2,Las Palmas,La Coruna,1,1,D,A,1,1,D,https://www.football-data.co.uk/mmz4281/2526/SP2.csv,1,1,D
2025-26,2026-01-17,SP2,Almeria,La Coruna,1,2,A,A,2,1,W,https://www.football-data.co.uk/mmz4281/2526/SP2.csv,1,0,H
2025-26,2026-01-25,SP2,La Coruna,Santander,0,1,A,H,0,1,L,https://www.football-data.co.uk/mmz4281/2526/SP2.csv,0,0,D
2025-26,2026-01-31,SP2,Cultural Leonesa,La Coruna,0,1,A,A,1,0,W,https://www.football-data.co.uk/mmz4281/2526/SP2.csv,0,0,D
2025-26,2026-02-08,SP2,La Coruna,Albacete,2,1,H,H,2,1,W,https://www.football-data.co.uk/mmz4281/2526/SP2.csv,2,0,H
2025-26,2026-02-15,SP2,Castellon,La Coruna,2,0,H,A,0,2,L,https://www.football-data.co.uk/mmz4281/2526/SP2.csv,1,0,H
2025-26,2026-02-21,SP2,La Coruna,Eibar,1,0,H,H,1,0,W,https://www.football-data.co.uk/mmz4281/2526/SP2.csv,1,0,H
2025-26,2026-03-01,SP2,Sociedad B,La Coruna,2,3,A,A,3,2,W,https://www.football-data.co.uk/mmz4281/2526/SP2.csv,1,1,D
2025-26,2026-03-08,SP2,La Coruna,Granada,0,2,A,H,0,2,L,https://www.football-data.co.uk/mmz4281/2526/SP2.csv,0,1,A
2025-26,2026-03-14,SP2,Ceuta,La Coruna,1,2,A,A,2,1,W,https://www.football-data.co.uk/mmz4281/2526/SP2.csv,1,1,D
2025-26,2026-03-21,SP2,La Coruna,Zaragoza,2,1,H,H,2,1,W,https://www.football-data.co.uk/mmz4281/2526/SP2.csv,1,1,D
2025-26,2026-03-28,SP2,Sp Gijon,La Coruna,1,1,D,A,1,1,D,https://www.football-data.co.uk/mmz4281/2526/SP2.csv,1,0,H
2025-26,2026-03-31,SP2,La Coruna,Cordoba,2,0,H,H,2,0,W,https://www.football-data.co.uk/mmz4281/2526/SP2.csv,2,0,H
2025-26,2026-04-04,SP2,La Coruna,Malaga,1,1,D,H,1,1,D,https://www.football-data.co.uk/mmz4281/2526/SP2.csv,0,0,D
2025-26,2026-04-12,SP2,Huesca,La Coruna,1,1,D,A,1,1,D,https://www.football-data.co.uk/mmz4281/2526/SP2.csv,0,0,D
2025-26,2026-04-20,SP2,La Coruna,Mirandes,3,1,H,H,3,1,W,https://www.football-data.co.uk/mmz4281/2526/SP2.csv,0,1,A
2025-26,2026-04-25,SP2,Burgos,La Coruna,1,1,D,A,1,1,D,https://www.football-data.co.uk/mmz4281/2526/SP2.csv,1,1,D
2025-26,2026-05-01,SP2,La Coruna,Leganes,2,1,H,H,2,1,W,https://www.football-data.co.uk/mmz4281/2526/SP2.csv,0,0,D
2025-26,2026-05-08,SP2,Cadiz,La Coruna,0,1,A,A,1,0,W,https://www.football-data.co.uk/mmz4281/2526/SP2.csv,0,0,D
2025-26,2026-05-17,SP2,La Coruna,Andorra,2,1,H,H,2,1,W,https://www.football-data.co.uk/mmz4281/2526/SP2.csv,0,1,A
